UTF-8,,,,,,,,,,,,,,,,,,,,
PMNT_ID,ECQUEUEINSTANCE,BUSINESS_UNIT,VOUCHER_LINE_NUM,PARENT_LINE_NUM,LINE_TYPE_LOOKUP_CODE,TAX_CODE,TAX_TYPE,TAX_ACCRUAL,DESCR,MERCHANDISE_AMT,UNIT_PRICE,CURRENCY_CD,RECEIVING_TYPE,PO_ID,SHIPTO,UNIT_OF_MEASURE,LINE_NBR,BUSINESS_UNIT_PO,CommodityCode_UniqueName,Quantity,ANZ_ARB_CNV_FACTOR,ANZ_ARB_IS_COMPO,ANZ_ARB_PRC_BASUOM,ANZ_ARB_PRC_BAS_Q,ANZ_ARB_PRCBASDESC,ANZ_ARB_INVLN_REF
"PAY2648459-1151990","IR2648459-1151990","100","1",,"1","81",,"No","THE FRUIT BOX - Tablets","422.62","422.62","AUD",,,"399701GR","EA",,,"GLOBL:Generic","1",,,,,,
"PAY2648459-1151990","IR2648459-1151990","100","2","1","2","81","GSTTax","No","Goods and Services Tax - line","42.25","42.25","AUD",,,"399701GR","EA",,,"GLOBL:Generic","1",,,,,,
"PAY9026902360-1154095","IR9026902360-1154095","100","1",,"1","81",,"No","Nallawilli Ow Balpnt Pen Blk 1","20.44","20.44","AUD",,,,"BOX",,"100","GLOBL:Generic","1",,,,,,
"PAY9026902360-1154095","IR9026902360-1154095","100","2","1","2","81","GSTTax","No","GST","2.04","2.04","AUD",,,,,,"100","GLOBL:Generic","1",,,,,,
"PAY9026902360-1154095","IR9026902360-1154095","100","3","0","8",,,"No","Handling Charge - header level","0","0","AUD",,,,"EA",,"100","GLOBL:Generic","1",,,,,,
"PAY9026902360-1154095","IR9026902360-1154095","100","4","0","4",,,"No","Shipping Charges - header level","0","0","AUD",,,,"EA",,"100","GLOBL:Generic","1",,,,,,
