"UTF-8"
PMNT_ID,ECQUEUEINSTANCE,BUSINESS_UNIT,VOUCHER_LINE_NUM,PARENT_LINE_NUM,LINE_TYPE_LOOKUP_CODE,TAX_CODE,TAX_TYPE,TAX_ACCRUAL,DESCR,MERCHANDISE_AMT,UNIT_PRICE,CURRENCY_CD,RECEIVING_TYPE,PO_ID,SHIPTO,UNIT_OF_MEASURE,LINE_NBR,BUSINESS_UNIT_PO,CommodityCode_UniqueName,Quantity,PriceBasisQuantity,PriceBasisQuantityUOM,ConversionFactor,PriceBasisQuantityDesc,IsComposite,REFERENCED_INVOICE_LINE_NUM,cus_DESCR
"PAYTEST1-82098","IRTEST1-82098","00100","1",,"1","81",,"No","Testing","1000.0000","1000.0000","AUD",,,"AU000554","EA",,,"GLOBL:Generic","1.0000",,,,,"No","0","Testing"
"PAYTEST1-82098","IRTEST1-82098","00100","2","1","2","81","GSTTax","No","Goods and Services Tax (auto-g","0.0000","0.0000","AUD",,,"AU000554",,,,"GLOBL:Generic","1.0000",,,,,"No","0","Goods and Services Tax (auto-generated)"
"PAYTEST4-82101","IRTEST4-82101","00100","1",,"1","81",,"No","Testing","200.0000","200.0000","AUD",,,"AU000554","EA",,,"GLOBL:Generic","1.0000",,,,,"No","0","Testing"
"PAYTEST4-82101","IRTEST4-82101","00100","2","1","2","81","GSTTax","No","Goods and Services Tax (auto-g","0.0000","0.0000","AUD",,,"AU000554",,,,"GLOBL:Generic","1.0000",,,,,"No","0","Goods and Services Tax (auto-generated)"
"PAYTEST2-82099","IRTEST2-82099","00100","1",,"1","81",,"No","Testing","500.0000","500.0000","AUD",,,"AU000554","EA",,,"GLOBL:Generic","1.0000",,,,,"No","0","Testing"
"PAYTEST2-82099","IRTEST2-82099","00100","2","1","2","81","GSTTax","No","Goods and Services Tax (auto-g","0.0000","0.0000","AUD",,,"AU000554",,,,"GLOBL:Generic","1.0000",,,,,"No","0","Goods and Services Tax (auto-generated)"
"PAYTEST3-82100","IRTEST3-82100","00100","1",,"1","81",,"No","Testing","300.0000","300.0000","AUD",,,"AU000554","EA",,,"GLOBL:Generic","1.0000",,,,,"No","0","Testing"
"PAYTEST3-82100","IRTEST3-82100","00100","2","1","2","81","GSTTax","No","Goods and Services Tax (auto-g","0.0000","0.0000","AUD",,,"AU000554",,,,"GLOBL:Generic","1.0000",,,,,"No","0","Goods and Services Tax (auto-generated)"
"PAYTEST5-82102","IRTEST5-82102","00100","1",,"1","81",,"No","Testing","250.0000","250.0000","AUD",,,"AU000554","EA",,,"GLOBL:Generic","1.0000",,,,,"No","0","Testing"
"PAYTEST5-82102","IRTEST5-82102","00100","2","1","2","81","GSTTax","No","Goods and Services Tax (auto-g","0.0000","0.0000","AUD",,,"AU000554",,,,"GLOBL:Generic","1.0000",,,,,"No","0","Goods and Services Tax (auto-generated)"
