UTF-8
BuyerRemitFromAddressStreet,SupplierRemitToAddressStreet,BuyerRemitFromAddressCity,SupplierRemitToAddressCity,BuyerRemitFromAddressState,SupplierRemitToAddressState,BuyerBankAccountIDType,BuyerBankAccountType,BuyerBankIDType,BuyerRemitFromAddressCountry,AdjustmentAmountDefaultCurrency,DiscountAmountDefaultCurrency,GrossAmountDefaultCurrency,NetAmountDefaultCurrency,PaymentMethodType,SupplierLocationSetId,SupplierLocation,SupplierRemitToAddressCountry,BuyerRemitFromAddressPostalCode,SupplierRemitToAddressPostalCode,BuyerBankAccountID,BuyerBankID,BuyerBankName,BuyerRemitFromAddressName,CanceledDate,CreatedDate,ExternalProcessedState,LookupID,AdjustmentAmount,DiscountAmount,GrossAmount,NetAmount,PaymentDate,PaymentNumber,SupplierBankAccountID,SupplierBankID,SupplierBankName,SupplierLocationContactID,SupplierRemitToAddressName,TransactionType
LEVEL 14 100 QUEEN STREET ,1 WOOLWORTHS WAY  ,MELBOURNE,BELLA VISTA,VIC,NSW,,,,AU,AUD,AUD,AUD,AUD,EFT,ANZAU,ANZAU:0000027191:MAIN,AU,3000,2153,495492,032,ANZ,ANZ,,2017-05-31,0,ANZ01:AUD2:0000831166:830882,0,0,95427.42,95427.42,2017-05-31,830882,495492,032,MAIN,0000027191:MAIN:1,MAIN,1
LEVEL 14 100 QUEEN STREET ,100 ARTHUR STREET  ,MELBOURNE,NORTH SYDNEY,VIC,NSW,,,,AU,AUD,AUD,AUD,AUD,EFT,ANZAU,ANZAU:AUSTINST40:MAIN,AU,3000,2059,181485,032,ANZ,ANZ,,2017-05-31,0,ANZ01:AUD2:0000831159:830875,0,0,1288.8,1288.8,2017-05-31,830875,181485,032,MAIN,AUSTINST40:MAIN:1,MAIN,1
LEVEL 14 100 QUEEN STREET ,102 BRIENS ROAD  ,MELBOURNE,NORTHMEAD,VIC,NSW,,,,AU,AUD,AUD,AUD,AUD,EFT,ANZAU,ANZAU:0000027020:MAIN,AU,3000,2152,101987164,032,ANZ,ANZ,,2017-05-31,0,ANZ01:AUD2:0000831113:830829,0,0,94.35,94.35,2017-05-31,830829,101987164,032,MAIN,0000027020:MAIN:1,MAIN,1
LEVEL 14 100 QUEEN STREET ,12 HOWARD RD  ,MELBOURNE,DINGLEY VILLAGE,VIC,VIC,,,,AU,AUD,AUD,AUD,AUD,EFT,ANZAU,ANZAU:0000048133:MAIN,AU,3000,3172,743418184,083,ANZ,ANZ,,2017-05-31,0,ANZ01:AUD2:0000831110:830826,0,0,34,34,2017-05-31,830826,743418184,083,DEFAULT,0000048133:MAIN:1,MAIN,1
LEVEL 14 100 QUEEN STREET ,17 OCEAN ST  ,MELBOURNE,MAROOCHYDORE,VIC,QLD,,,,AU,AUD,AUD,AUD,AUD,EFT,ANZAU,ANZAU:0000048958:MAIN,AU,3000,4558,298794295,014,ANZ,ANZ,,2017-05-31,0,ANZ01:AUD2:0000831142:830858,0,0,660,660,2017-05-31,830858,298794295,014,DEFAULT,0000048958:MAIN:1,MAIN,1
LEVEL 14 100 QUEEN STREET ,18 THE ESPLANADE  ,MELBOURNE,PERTH,VIC,WA,,,,AU,AUD,AUD,AUD,AUD,EFT,ANZAU,ANZAU:0000043173:MAIN,AU,3000,6000,553445958,336,ANZ,ANZ,,2017-05-31,0,ANZ01:AUD2:0000831075:830791,0,0,14750.06,14750.06,2017-05-31,830791,553445958,336,MAIN,0000043173:MAIN:1,MAIN,1
LEVEL 14 100 QUEEN STREET ,2/236 TUCKER ROAD  ,MELBOURNE,MCKINNON,VIC,VIC,,,,AU,AUD,AUD,AUD,AUD,EFT,ANZAU,ANZAU:0000046416:MAIN,AU,3000,3204,632622457,083,ANZ,ANZ,,2017-05-31,0,ANZ01:AUD2:0000831151:830867,0,0,9900,9900,2017-05-31,830867,632622457,083,MAIN,0000046416:MAIN:1,MAIN,1
LEVEL 14 100 QUEEN STREET ,22 NELSON ST  ,MELBOURNE,STEPNEY,VIC,SA,,,,AU,AUD,AUD,AUD,AUD,EFT,ANZAU,ANZAU:0000011419:MAIN,AU,3000,5069,692620015,015,ANZ,ANZ,,2017-05-31,0,ANZ01:AUD2:0000831131:830847,0,0,122,122,2017-05-31,830847,692620015,015,DEFAULT,0000011419:MAIN:1,MAIN,1
LEVEL 14 100 QUEEN STREET ,231 KENSINGTON ROAD  ,MELBOURNE,KENSINGTON,VIC,SA,,,,AU,AUD,AUD,AUD,AUD,EFT,ANZAU,ANZAU:0000037053:MAIN,AU,3000,5068,186355,035,ANZ,ANZ,,2017-05-31,0,ANZ01:AUD2:0000831028:830744,0,0,5103.77,5103.77,2017-05-31,830744,186355,035,MAIN,0000037053:MAIN:1,MAIN,1
LEVEL 14 100 QUEEN STREET ,269/629 GARDENERS ROAD  ,MELBOURNE,MASCOT,VIC,NSW,,,,AU,AUD,AUD,AUD,AUD,EFT,ANZAU,ANZAU:0000049314:MAIN,AU,3000,2020,553773,032,ANZ,ANZ,,2017-05-31,0,ANZ01:AUD2:0000831114:830830,0,0,660,660,2017-05-31,830830,553773,032,DEFAULT,0000049314:MAIN:1,MAIN,1
LEVEL 14 100 QUEEN STREET ,2A MONA ROAD  ,MELBOURNE,DARLING POINT,VIC,NSW,,,,AU,AUD,AUD,AUD,AUD,EFT,ANZAU,ANZAU:0000047935:MAIN,AU,3000,2027,195144986,013,ANZ,ANZ,,2017-05-31,0,ANZ01:AUD2:0000831153:830869,0,0,34984.8,34984.8,2017-05-31,830869,195144986,013,DEFAULT,0000047935:MAIN:1,MAIN,1
LEVEL 14 100 QUEEN STREET ,3/12 KENILWORTH GROVE  ,MELBOURNE,GLEN IRIS,VIC,VIC,,,,AU,AUD,AUD,AUD,AUD,EFT,ANZAU,ANZAU:0000044729:MAIN,AU,3000,3146,111004,033,ANZ,ANZ,,2017-05-31,0,ANZ01:AUD2:0000831031:830747,0,0,22000,22000,2017-05-31,830747,111004,033,MAIN,0000044729:MAIN:1,MAIN,1
LEVEL 14 100 QUEEN STREET ,30 GIBBENS STREET  ,MELBOURNE,CAMPERDOWN,VIC,NSW,,,,AU,AUD,AUD,AUD,AUD,EFT,ANZAU,ANZAU:0000016362:MAIN,AU,3000,2050,900461929,012,ANZ,ANZ,,2017-05-31,0,ANZ01:AUD2:0000831157:830873,0,0,1855.56,1855.56,2017-05-31,830873,900461929,012,DEFAULT,0000016362:MAIN:1,MAIN,1
LEVEL 14 100 QUEEN STREET ,32 ELLIS STREET  ,MELBOURNE,SOUTH YARRA,VIC,VIC,,,,AU,AUD,AUD,AUD,AUD,EFT,ANZAU,ANZAU:0000024684:MAIN,AU,3000,3141,837747528,013,ANZ,ANZ,,2017-05-31,0,ANZ01:AUD2:0000831171:830887,0,0,9655.5,9655.5,2017-05-31,830887,837747528,013,MAIN,0000024684:MAIN:1,MAIN,1
LEVEL 14 100 QUEEN STREET ,321 FITZROY STREET  ,MELBOURNE,FITZROY,VIC,VIC,,,,AU,AUD,AUD,AUD,AUD,EFT,ANZAU,ANZAU:0000049821:MAIN,AU,3000,3065,10307956,063,ANZ,ANZ,,2017-05-31,0,ANZ01:AUD2:0000831143:830859,0,0,6875,6875,2017-05-31,830859,10307956,063,DEFAULT,0000049821:MAIN:1,MAIN,1
LEVEL 14 100 QUEEN STREET ,34 CARTER STREET MIDDLE PARK ,MELBOURNE,MELBOURNE,VIC,VIC,,,,AU,AUD,AUD,AUD,AUD,EFT,ANZAU,ANZAU:0000043934:MAIN,AU,3000,3206,232508,033,ANZ,ANZ,,2017-05-31,0,ANZ01:AUD2:0000831152:830868,0,0,18018,18018,2017-05-31,830868,232508,033,MAIN,0000043934:MAIN:1,MAIN,1
LEVEL 14 100 QUEEN STREET ,4 RUSSELL AVENUE  ,MELBOURNE,FRENCHS FOREST,VIC,NSW,,,,AU,AUD,AUD,AUD,AUD,EFT,ANZAU,ANZAU:0000041140:MAIN,AU,3000,2086,616872,032,ANZ,ANZ,,2017-05-31,0,ANZ01:AUD2:0000831046:830762,0,0,15057.9,15057.9,2017-05-31,830762,616872,032,MAIN,0000041140:MAIN:1,MAIN,1
LEVEL 14 100 QUEEN STREET ,439 CITY ROAD  ,MELBOURNE,SOUTH MELBOURNE,VIC,VIC,,,,AU,AUD,AUD,AUD,AUD,EFT,ANZAU,ANZAU:PLUSAUDI32:MAIN,AU,3000,3205,337376,033,ANZ,ANZ,,2017-05-31,0,ANZ01:AUD2:0000831141:830857,0,0,990,990,2017-05-31,830857,337376,033,DEFAULT,PLUSAUDI32:MAIN:1,MAIN,1
LEVEL 14 100 QUEEN STREET ,440 VINCENT STREET WEST  ,MELBOURNE,WEST LEEDERVILLE,VIC,WA,,,,AU,AUD,AUD,AUD,AUD,EFT,ANZAU,ANZAU:0000009934:MAIN,AU,3000,6007,340812531,016,ANZ,ANZ,,2017-05-31,0,ANZ01:AUD2:0000831161:830877,0,0,4125,4125,2017-05-31,830877,340812531,016,DEFAULT,0000009934:MAIN:1,MAIN,1
LEVEL 14 100 QUEEN STREET ,65 FRANCIS STREET  ,MELBOURNE,MELBOURNE,VIC,VIC,,,,AU,AUD,AUD,AUD,AUD,EFT,ANZAU,ANZAU:0000000207:MAIN,AU,3000,3000,317092,063,ANZ,ANZ,,2017-05-31,0,ANZ01:AUD2:0000831065:830781,0,0,216.04,216.04,2017-05-31,830781,317092,063,DEFAULT,0000000207:MAIN:1,MAIN,1
LEVEL 14 100 QUEEN STREET ,66 PACIFIC HWY  ,MELBOURNE,ST LEONARDS,VIC,NSW,,,,AU,AUD,AUD,AUD,AUD,EFT,ANZAU,ANZAU:0000045917:MAIN,AU,3000,2065,028995142,082,ANZ,ANZ,,2017-05-31,0,ANZ01:AUD2:0000831052:830768,0,0,3300,3300,2017-05-31,830768,028995142,082,MAIN,0000045917:MAIN:1,MAIN,1
LEVEL 14 100 QUEEN STREET ,67 BRUNSWICK STREET  ,MELBOURNE,FITZROY,VIC,VIC,,,,AU,AUD,AUD,AUD,AUD,EFT,ANZAU,ANZAU:0000023519:MAIN,AU,3000,3065,10120865,063,ANZ,ANZ,,2017-05-31,0,ANZ01:AUD2:0000831041:830757,0,0,20696.1,20696.1,2017-05-31,830757,10120865,063,MAIN,0000023519:MAIN:1,MAIN,1
LEVEL 14 100 QUEEN STREET ,7 SANDHURST CRES  ,MELBOURNE,PEREGIAN SPRINGS,VIC,QLD,,,,AU,AUD,AUD,AUD,AUD,EFT,ANZAU,ANZAU:0000046016:MAIN,AU,3000,4573,375802624,012,ANZ,ANZ,,2017-05-31,0,ANZ01:AUD2:0000831044:830760,0,0,943.8,943.8,2017-05-31,830760,375802624,012,MAIN,0000046016:MAIN:1,MAIN,1
LEVEL 14 100 QUEEN STREET ,70 PITT STREET  ,MELBOURNE,SYDNEY,VIC,NSW,,,,AU,AUD,AUD,AUD,AUD,EFT,ANZAU,ANZAU:0000012339:MAIN,AU,3000,2000,836071597,012,ANZ,ANZ,,2017-05-31,0,ANZ01:AUD2:0000831100:830816,0,0,71.25,71.25,2017-05-31,830816,836071597,012,MAIN,0000012339:MAIN:1,MAIN,1
LEVEL 14 100 QUEEN STREET ,77 CASTLEREAGH STREET  ,MELBOURNE,SYDNEY,VIC,NSW,,,,AU,AUD,AUD,AUD,AUD,EFT,ANZAU,ANZAU:0000028317:MAIN,AU,3000,2000,837310166,012,ANZ,ANZ,,2017-05-31,0,ANZ01:AUD2:0000831050:830766,0,0,32127.02,32127.02,2017-05-31,830766,837310166,012,MAIN,0000028317:MAIN:1,MAIN,1
LEVEL 14 100 QUEEN STREET ,81 DERBY ST  ,MELBOURNE,SILVERWATER,VIC,NSW,,,,AU,AUD,AUD,AUD,AUD,EFT,ANZAU,ANZAU:0000020705:MAIN,AU,3000,2128,185208,032,ANZ,ANZ,,2017-05-31,0,ANZ01:AUD2:0000831089:830805,0,0,24686.56,24686.56,2017-05-31,830805,185208,032,DEFAULT,0000020705:MAIN:1,MAIN,1
LEVEL 14 100 QUEEN STREET ,92 PETNE TERRACE  ,MELBOURNE,BRISBANE,VIC,QLD,,,,AU,AUD,AUD,AUD,AUD,EFT,ANZAU,ANZAU:0000037401:MAIN,AU,3000,4000,837477433,014,ANZ,ANZ,,2017-05-31,0,ANZ01:AUD2:0000831127:830843,0,0,1600.5,1600.5,2017-05-31,830843,837477433,014,MAIN,0000037401:MAIN:1,MAIN,1
LEVEL 14 100 QUEEN STREET ,FACTORY 6  2 JOSEPH STREET  ,MELBOURNE,BLACKBURN NORTH,VIC,VIC,,,,AU,AUD,AUD,AUD,AUD,EFT,ANZAU,ANZAU:0000028096:MAIN,AU,3000,3130,189388626,013,ANZ,ANZ,,2017-05-31,0,ANZ01:AUD2:0000831163:830879,0,0,9209,9209,2017-05-31,830879,189388626,013,DEFAULT,0000028096:MAIN:1,MAIN,1
LEVEL 14 100 QUEEN STREET ,FINANCE DEPARTMENT LEVEL 27 360 COLLINS STREET,MELBOURNE,MELBOURNE,VIC,VIC,,,,AU,AUD,AUD,AUD,AUD,EFT,ANZAU,ANZAU:359865:MAIN,AU,3000,3000,045267001,342,ANZ,ANZ,,2017-05-31,0,ANZ01:AUD2:0000831099:830815,0,0,3960,3960,2017-05-31,830815,045267001,342,DEFAULT,359865:MAIN:1,MAIN,1
LEVEL 14 100 QUEEN STREET ,FSA 35 38 DRIVER AVENUE ,MELBOURNE,MOORE PARK,VIC,NSW,,,,AU,AUD,AUD,AUD,AUD,EFT,ANZAU,ANZAU:0000045201:MAIN,AU,3000,2021,266460,032,ANZ,ANZ,,2017-05-31,0,ANZ01:AUD2:0000831135:830851,0,0,5907,5907,2017-05-31,830851,266460,032,MAIN,0000045201:MAIN:1,MAIN,1
LEVEL 14 100 QUEEN STREET ,GPO BOX 1076  ,MELBOURNE,SYDNEY,VIC,NSW,,,,AU,AUD,AUD,AUD,AUD,EFT,ANZAU,ANZAU:0000025910:MAIN,AU,3000,2001,565526,032,ANZ,ANZ,,2017-05-31,0,ANZ01:AUD2:0000831059:830775,0,0,23650,23650,2017-05-31,830775,565526,032,MAIN,0000025910:MAIN:1,MAIN,1
LEVEL 14 100 QUEEN STREET ,GPO BOX 126  ,MELBOURNE,SYDNEY,VIC,NSW,,,,AU,AUD,AUD,AUD,AUD,EFT,ANZAU,ANZAU:0000038814:MAIN,AU,3000,2001,13462761,062,ANZ,ANZ,,2017-05-31,0,ANZ01:AUD2:0000831054:830770,0,0,6204,6204,2017-05-31,830770,13462761,062,MAIN,0000038814:MAIN:1,MAIN,1
LEVEL 14 100 QUEEN STREET ,GPO BOX 1613  ,MELBOURNE,SYDNEY,VIC,NSW,,,,AU,AUD,AUD,AUD,AUD,EFT,ANZAU,ANZAU:0000028393:MAIN,AU,3000,2001,17777011,232,ANZ,ANZ,,2017-05-31,0,ANZ01:AUD2:0000831125:830841,0,0,31.9,31.9,2017-05-31,830841,17777011,232,DEFAULT,0000028393:MAIN:1,MAIN,1
LEVEL 14 100 QUEEN STREET ,GPO BOX 2650 DARLING PARK TOWER 2 201 SUSSEX STREET ,MELBOURNE,SYDNEY,VIC,NSW,,,,AU,AUD,AUD,AUD,AUD,EFT,ANZAU,ANZAU:0000033740:MAIN,AU,3000,1171,833468126,014,ANZ,ANZ,,2017-05-31,0,ANZ01:AUD2:0000831126:830842,0,0,116851.03,116851.03,2017-05-31,830842,833468126,014,MAIN,0000033740:MAIN:1,MAIN,1
LEVEL 14 100 QUEEN STREET ,GPO BOX 2743  ,MELBOURNE,MELBOURNE,VIC,VIC,,,,AU,AUD,AUD,AUD,AUD,EFT,ANZAU,ANZAU:122446:MAIN,AU,3000,4001,382913301,062,ANZ,ANZ,,2017-05-31,0,ANZ01:AUD2:0000831103:830819,0,0,8431.82,8431.82,2017-05-31,830819,382913301,062,DEFAULT,122446:MAIN:1,MAIN,1
LEVEL 14 100 QUEEN STREET ,GPO BOX 3  ,MELBOURNE,MELBOURNE,VIC,VIC,,,,AU,AUD,AUD,AUD,AUD,EFT,ANZAU,ANZAU:0000037345:MAIN,AU,3000,3001,116761,033,ANZ,ANZ,,2017-05-31,0,ANZ01:AUD2:0000831061:830777,0,0,660,660,2017-05-31,830777,116761,033,DEFAULT,0000037345:MAIN:1,MAIN,1
LEVEL 14 100 QUEEN STREET ,GPO BOX 4143 345 GEORGE STREET ,MELBOURNE,SYDNEY,VIC,NSW,,,,AU,AUD,AUD,AUD,AUD,EFT,ANZAU,ANZAU:0000050255:MAIN,AU,3000,2000,301994723,082,ANZ,ANZ,,2017-05-31,0,ANZ01:AUD2:0000831055:830771,0,0,1375,1375,2017-05-31,830771,301994723,082,DEFAULT,0000050255:MAIN:1,MAIN,1
LEVEL 14 100 QUEEN STREET ,GPO BOX 4285  ,MELBOURNE,SYDNEY,VIC,NSW,,,,AU,AUD,AUD,AUD,AUD,EFT,ANZAU,ANZAU:0000009104:MAIN,AU,3000,2001,516898712,083,ANZ,ANZ,,2017-05-31,0,ANZ01:AUD2:0000831062:830778,0,0,235,235,2017-05-31,830778,516898712,083,MAIN,0000009104:MAIN:1,MAIN,1
LEVEL 14 100 QUEEN STREET ,GPO BOX 4287  ,MELBOURNE,SYDNEY,VIC,NSW,,,,AU,AUD,AUD,AUD,AUD,EFT,ANZAU,ANZAU:0000018503:MAIN,AU,3000,2001,836928546,015,ANZ,ANZ,,2017-05-31,0,ANZ01:AUD2:0000831043:830759,0,0,105600,105600,2017-05-31,830759,836928546,015,DEFAULT,0000018503:MAIN:1,MAIN,1
LEVEL 14 100 QUEEN STREET ,GPO BOX 4328PP  ,MELBOURNE,MELBOURNE,VIC,VIC,,,,AU,AUD,AUD,AUD,AUD,EFT,ANZAU,ANZAU:0000022821:MAIN,AU,3000,3001,10150549,062,ANZ,ANZ,,2017-05-31,0,ANZ01:AUD2:0000831101:830817,0,0,1349.98,1349.98,2017-05-31,830817,10150549,062,DEFAULT,0000022821:MAIN:1,MAIN,1
LEVEL 14 100 QUEEN STREET ,GPO BOX 442  ,MELBOURNE,MELBOURNE,VIC,VIC,,,,AU,AUD,AUD,AUD,AUD,EFT,ANZAU,ANZAU:0000026663:MAIN,AU,3000,3001,900070,033,ANZ,ANZ,,2017-05-31,0,ANZ01:AUD2:0000831105:830821,0,0,10586.35,10586.35,2017-05-31,830821,900070,033,DEFAULT,0000026663:MAIN:1,MAIN,1
LEVEL 14 100 QUEEN STREET ,GPO BOX 4592  ,MELBOURNE,MELBOURNE,VIC,VIC,,,,AU,AUD,AUD,AUD,AUD,EFT,ANZAU,ANZAU:0000011915:MAIN,AU,3000,3001,834991656,014,ANZ,ANZ,,2017-05-31,0,ANZ01:AUD2:0000831116:830832,0,0,2109.09,2109.09,2017-05-31,830832,834991656,014,MAIN,0000011915:MAIN:1,MAIN,1
LEVEL 14 100 QUEEN STREET ,GPO BOX 475  ,MELBOURNE,SYDNEY,VIC,NSW,,,,AU,AUD,AUD,AUD,AUD,EFT,ANZAU,ANZAU:KEMPSTRA20:MAIN,AU,3000,2001,837128364,032,ANZ,ANZ,,2017-05-31,0,ANZ01:AUD2:0000831097:830813,0,0,4374.7,4374.7,2017-05-31,830813,837128364,032,MAIN,KEMPSTRA20:MAIN:1,MAIN,1
LEVEL 14 100 QUEEN STREET ,GPO BOX 503 16 ELIZABETH STREET ,MELBOURNE,HOBART,VIC,TAS,,,,AU,AUD,AUD,AUD,AUD,EFT,ANZAU,ANZAU:HOBACITY70:MAIN,AU,3000,7001,10159311,067,ANZ,ANZ,,2017-05-31,0,ANZ01:AUD2:0000831078:830794,0,0,275,275,2017-05-31,830794,10159311,067,HOBART CIT-001,HOBACITY70:MAIN:1,MAIN,1
LEVEL 14 100 QUEEN STREET ,GPO BOX 5415  ,MELBOURNE,SYDNEY,VIC,NSW,,,,AU,AUD,AUD,AUD,AUD,EFT,ANZAU,ANZAU:CLI001:MAIN,AU,3000,2001,10148330,062,ANZ,ANZ,,2017-05-31,0,ANZ01:AUD2:0000831045:830761,0,0,5207.4,5207.4,2017-05-31,830761,10148330,062,MAIN,CLI001:MAIN:1,MAIN,1
LEVEL 14 100 QUEEN STREET ,GPO BOX 67  ,MELBOURNE,MELBOURNE,VIC,VIC,,,,AU,AUD,AUD,AUD,AUD,EFT,ANZAU,ANZAU:126260:MAIN,AU,3000,3001,404335,032,ANZ,ANZ,,2017-05-31,0,ANZ01:AUD2:0000831058:830774,0,0,902637.45,902637.45,2017-05-31,830774,404335,032,MAIN,126260:MAIN:1,MAIN,1
LEVEL 14 100 QUEEN STREET ,GPO BOX 769G  ,MELBOURNE,MELBOURNE,VIC,VIC,,,,AU,AUD,AUD,AUD,AUD,EFT,ANZAU,ANZAU:MINTELLI30:MAIN,AU,3000,3000,833555107,014,ANZ,ANZ,,2017-05-31,0,ANZ01:AUD2:0000831107:830823,0,0,385.8,385.8,2017-05-31,830823,833555107,014,MAIN,MINTELLI30:MAIN:1,MAIN,1
LEVEL 14 100 QUEEN STREET ,GPO BOX 781  ,MELBOURNE,MELBOURNE,VIC,VIC,,,,AU,AUD,AUD,AUD,AUD,EFT,ANZAU,ANZAU:0000002491:MAIN,AU,3000,3001,835793811,013,ANZ,ANZ,,2017-05-31,0,ANZ01:AUD2:0000831068:830784,0,0,440,440,2017-05-31,830784,835793811,013,MAIN,0000002491:MAIN:1,MAIN,1
LEVEL 14 100 QUEEN STREET ,GPO BOX 781  ,MELBOURNE,MELBOURNE,VIC,VIC,,,,AU,AUD,AUD,AUD,AUD,EFT,ANZAU,ANZAU:0000022750:MAIN,AU,3000,3001,466389,033,ANZ,ANZ,,2017-05-31,0,ANZ01:AUD2:0000831069:830785,0,0,7451.84,7451.84,2017-05-31,830785,466389,033,MAIN,0000022750:MAIN:1,MAIN,1
LEVEL 14 100 QUEEN STREET ,GPO BOX 781  ,MELBOURNE,SYDNEY,VIC,NSW,,,,AU,AUD,AUD,AUD,AUD,EFT,ANZAU,ANZAU:SUNMICR320:MAIN,AU,3000,2001,106596018,242,ANZ,ANZ,,2017-05-31,0,ANZ01:AUD2:0000831120:830836,0,0,724.42,724.42,2017-05-31,830836,106596018,242,MAIN,SUNMICR320:MAIN:1,MAIN,1
LEVEL 14 100 QUEEN STREET ,GPO BOX 9946  ,MELBOURNE,SYDNEY,VIC,NSW,,,,AU,AUD,AUD,AUD,AUD,EFT,ANZAU,ANZAU:0000032143:MAIN,AU,3000,2001,232948019,242,ANZ,ANZ,,2017-05-31,0,ANZ01:AUD2:0000831119:830835,0,0,96826.22,96826.22,2017-05-31,830835,232948019,242,MAIN,0000032143:MAIN:1,MAIN,1
LEVEL 14 100 QUEEN STREET ,GPO BOX 9995  ,MELBOURNE,SYDNEY,VIC,NSW,,,,AU,AUD,AUD,AUD,AUD,EFT,ANZAU,ANZAU:0000035237:MAIN,AU,3000,2001,461480001,342,ANZ,ANZ,,2017-05-31,0,ANZ01:AUD2:0000831096:830812,0,0,6600,6600,2017-05-31,830812,461480001,342,MAIN,0000035237:MAIN:1,MAIN,1
LEVEL 14 100 QUEEN STREET ,INNOVATION PLACE LEVEL 15  100 ARTHUR STREET ,MELBOURNE,NORTH SYDNEY,VIC,NSW,,,,AU,AUD,AUD,AUD,AUD,EFT,ANZAU,ANZAU:0000028475:MAIN,AU,3000,2060,181485,032,ANZ,ANZ,,2017-05-31,0,ANZ01:AUD2:0000831158:830874,0,0,34275.75,34275.75,2017-05-31,830874,181485,032,MAIN,0000028475:MAIN:1,MAIN,1
LEVEL 14 100 QUEEN STREET ,JONES BAY WHARF SUITE 121 26-32 PIRRAMA ROAD,MELBOURNE,PYRMONT,VIC,NSW,,,,AU,AUD,AUD,AUD,AUD,EFT,ANZAU,ANZAU:0000024342:MAIN,AU,3000,2009,13566843,342,ANZ,ANZ,,2017-05-31,0,ANZ01:AUD2:0000831082:830798,0,0,34401.84,34401.84,2017-05-31,830798,13566843,342,DEFAULT,0000024342:MAIN:1,MAIN,1
LEVEL 14 100 QUEEN STREET ,LEVEL 1 26 BLACKWOOD STREET ,MELBOURNE,NORTH MELBOURNE,VIC,VIC,,,,AU,AUD,AUD,AUD,AUD,EFT,ANZAU,ANZAU:0000035313:MAIN,AU,3000,3051,194415844,082,ANZ,ANZ,,2017-05-31,0,ANZ01:AUD2:0000831085:830801,0,0,400,400,2017-05-31,830801,194415844,082,MAIN,0000035313:MAIN:1,MAIN,1
LEVEL 14 100 QUEEN STREET ,LEVEL 1 PYRMOUNT STREET PYRMOUNT,MELBOURNE,SYDNEY,VIC,NSW,,,,AU,AUD,AUD,AUD,AUD,EFT,ANZAU,ANZAU:0000043591:MAIN,AU,3000,2009,836864415,012,ANZ,ANZ,,2017-05-31,0,ANZ01:AUD2:0000831123:830839,0,0,419892.47,419892.47,2017-05-31,830839,836864415,012,DEFAULT,0000043591:MAIN:1,MAIN,1
LEVEL 14 100 QUEEN STREET ,LEVEL 11  410 COLLINS STREET  ,MELBOURNE,MELBOURNE,VIC,VIC,,,,AU,AUD,AUD,AUD,AUD,EFT,ANZAU,ANZAU:0000036807:MAIN,AU,3000,3000,16044948,212,ANZ,ANZ,,2017-05-31,0,ANZ01:AUD2:0000831118:830834,0,0,960847.25,960847.25,2017-05-31,830834,16044948,212,DEFAULT,0000036807:MAIN:1,MAIN,1
LEVEL 14 100 QUEEN STREET ,LEVEL 11  80 ARTHUR STREET  ,MELBOURNE,NORTH SYDNEY,VIC,NSW,,,,AU,AUD,AUD,AUD,AUD,EFT,ANZAU,ANZAU:0000045368:MAIN,AU,3000,2060,199674,032,ANZ,ANZ,,2017-05-31,0,ANZ01:AUD2:0000831154:830870,0,0,383.9,383.9,2017-05-31,830870,199674,032,MAIN,0000045368:MAIN:1,MAIN,1
LEVEL 14 100 QUEEN STREET ,LEVEL 14 309 KENT STREET ,MELBOURNE,SYDNEY,VIC,NSW,,,,AU,AUD,AUD,AUD,AUD,EFT,ANZAU,ANZAU:0000049966:MAIN,AU,3000,2000,198995,032,ANZ,ANZ,,2017-05-31,0,ANZ01:AUD2:0000831170:830886,0,0,4400,4400,2017-05-31,830886,198995,032,DEFAULT,0000049966:MAIN:1,MAIN,1
LEVEL 14 100 QUEEN STREET ,LEVEL 17  303 COLLINS STREET  ,MELBOURNE,MELBOURNE,VIC,VIC,,,,AU,AUD,AUD,AUD,AUD,EFT,ANZAU,ANZAU:0000034053:MAIN,AU,3000,3000,133027,033,ANZ,ANZ,,2017-05-31,0,ANZ01:AUD2:0000831084:830800,0,0,46662,46662,2017-05-31,830800,133027,033,MAIN,0000034053:MAIN:1,MAIN,1
LEVEL 14 100 QUEEN STREET ,LEVEL 18  385 BOURKE STREET  ,MELBOURNE,MELBOURNE,VIC,VIC,,,,AU,AUD,AUD,AUD,AUD,EFT,ANZAU,ANZAU:0000004824:MAIN,AU,3000,3000,551074874,083,ANZ,ANZ,,2017-05-31,0,ANZ01:AUD2:0000831086:830802,0,0,183811.85,183811.85,2017-05-31,830802,551074874,083,MAIN,0000004824:MAIN:1,MAIN,1
LEVEL 14 100 QUEEN STREET ,LEVEL 18  385 BOURKE STREET  ,MELBOURNE,MELBOURNE,VIC,VIC,,,,AU,AUD,AUD,AUD,AUD,EFT,ANZAU,ANZAU:0000044024:MAIN,AU,3000,3000,555786529,083,ANZ,ANZ,,2017-05-31,0,ANZ01:AUD2:0000831087:830803,0,0,430524.59,430524.59,2017-05-31,830803,555786529,083,MAIN,0000044024:MAIN:1,MAIN,1
LEVEL 14 100 QUEEN STREET ,LEVEL 23  HWT TOWER  40 CITY ROAD  ,MELBOURNE,SOUTHGATE,VIC,VIC,,,,AU,AUD,AUD,AUD,AUD,EFT,ANZAU,ANZAU:0000039233:MAIN,AU,3000,3006,420161193,113,ANZ,ANZ,,2017-05-31,0,ANZ01:AUD2:0000831129:830845,0,0,3993.68,3993.68,2017-05-31,830845,420161193,113,MAIN,0000039233:MAIN:1,MAIN,1
LEVEL 14 100 QUEEN STREET ,LEVEL 25   AURORA PLACE 88 PHILLIP STREET ,MELBOURNE,SYDNEY,VIC,NSW,,,,AU,AUD,AUD,AUD,AUD,EFT,ANZAU,ANZAU:0000042144:MAIN,AU,3000,2000,010045499,212,ANZ,ANZ,,2017-05-31,0,ANZ01:AUD2:0000831156:830872,0,0,9273,9273,2017-05-31,830872,010045499,212,MAIN,0000042144:MAIN:1,MAIN,1
LEVEL 14 100 QUEEN STREET ,LEVEL 27  55 COLLINS STREET  ,MELBOURNE,MELBOURNE,VIC,VIC,,,,AU,AUD,AUD,AUD,AUD,EFT,ANZAU,ANZAU:0000047050:MAIN,AU,3000,3000,836304549,013,ANZ,ANZ,,2017-05-31,0,ANZ01:AUD2:0000831139:830855,0,0,60544,60544,2017-05-31,830855,836304549,013,MAIN,0000047050:MAIN:1,MAIN,1
LEVEL 14 100 QUEEN STREET ,LEVEL 3  116 MILLER ST  ,MELBOURNE,NORTH SYDNEY,VIC,NSW,,,,AU,AUD,AUD,AUD,AUD,EFT,ANZAU,ANZAU:0000026201:MAIN,AU,3000,2060,468182161,082,ANZ,ANZ,,2017-05-31,0,ANZ01:AUD2:0000831106:830822,0,0,61.99,61.99,2017-05-31,830822,468182161,082,MAIN,0000026201:MAIN:1,MAIN,1
LEVEL 14 100 QUEEN STREET ,LEVEL 3  116 MILLER STREET  ,MELBOURNE,NORTH SYDNEY,VIC,NSW,,,,AU,AUD,AUD,AUD,AUD,EFT,ANZAU,ANZAU:0000049492:MAIN,AU,3000,2060,2006663,014,ANZ,ANZ,,2017-05-31,0,ANZ01:AUD2:0000831067:830783,0,0,2673,2673,2017-05-31,830783,2006663,014,DEFAULT,0000049492:MAIN:1,MAIN,1
LEVEL 14 100 QUEEN STREET ,LEVEL 3  23 HUNTER STREET  ,MELBOURNE,SYDNEY,VIC,NSW,,,,AU,AUD,AUD,AUD,AUD,EFT,ANZAU,ANZAU:0000047096:MAIN,AU,3000,2000,268880088,012,ANZ,ANZ,,2017-05-31,0,ANZ01:AUD2:0000831090:830806,0,0,5525.52,5525.52,2017-05-31,830806,268880088,012,MAIN,0000047096:MAIN:1,MAIN,1
LEVEL 14 100 QUEEN STREET ,LEVEL 3 20-40 MEAGHER STREET  ,MELBOURNE,CHIPPENDALE,VIC,NSW,,,,AU,AUD,AUD,AUD,AUD,EFT,ANZAU,ANZAU:0000046238:MAIN,AU,3000,2008,15835285,062,ANZ,ANZ,,2017-05-31,0,ANZ01:AUD2:0000831122:830838,0,0,115559.43,115559.43,2017-05-31,830838,15835285,062,MAIN,0000046238:MAIN:1,MAIN,1
LEVEL 14 100 QUEEN STREET ,LEVEL 30  459 COLLINS STREET  ,MELBOURNE,MELBOURNE,VIC,VIC,,,,AU,AUD,AUD,AUD,AUD,EFT,ANZAU,ANZAU:0000025475:MAIN,AU,3000,3000,199339,032,ANZ,ANZ,,2017-05-31,0,ANZ01:AUD2:0000831133:830849,0,0,2280.96,2280.96,2017-05-31,830849,199339,032,MAIN,0000025475:MAIN:1,MAIN,1
LEVEL 14 100 QUEEN STREET ,LEVEL 4  31 QUEEN STREET  ,MELBOURNE,MELBOURNE,VIC,VIC,,,,AU,AUD,AUD,AUD,AUD,EFT,ANZAU,ANZAU:0000008539:MAIN,AU,3000,3000,00127277,062,ANZ,ANZ,,2017-05-31,0,ANZ01:AUD2:0000831029:830745,0,0,60533.86,60533.86,2017-05-31,830745,00127277,062,DEFAULT,0000008539:MAIN:1,MAIN,1
LEVEL 14 100 QUEEN STREET ,LEVEL 4  Q2 4 RIVERSIDE QUAY ,MELBOURNE,SOUTHBANK,VIC,VIC,,,,AU,AUD,AUD,AUD,AUD,EFT,ANZAU,ANZAU:0000005551:MAIN,AU,3000,3006,303826523,182,ANZ,ANZ,,2017-05-31,0,ANZ01:AUD2:0000831167:830883,0,0,12705,12705,2017-05-31,830883,303826523,182,DEFAULT,0000005551:MAIN:1,MAIN,1
LEVEL 14 100 QUEEN STREET ,LEVEL 5  14 MARTIN PLACE  ,MELBOURNE,SYDNEY,VIC,NSW,,,,AU,AUD,AUD,AUD,AUD,EFT,ANZAU,ANZAU:0000049145:MAIN,AU,3000,2000,969862093,082,ANZ,ANZ,,2017-05-31,0,ANZ01:AUD2:0000831056:830772,0,0,143000,143000,2017-05-31,830772,969862093,082,DEFAULT,0000049145:MAIN:1,MAIN,1
LEVEL 14 100 QUEEN STREET ,LEVEL 6 182 BLUES POINT ROAD  ,MELBOURNE,MCMAHONS POINT,VIC,NSW,,,,AU,AUD,AUD,AUD,AUD,EFT,ANZAU,ANZAU:0000027847:MAIN,AU,3000,2065,14650012,232,ANZ,ANZ,,2017-05-31,0,ANZ01:AUD2:0000831071:830787,0,0,1672,1672,2017-05-31,830787,14650012,232,MAIN,0000027847:MAIN:1,MAIN,1
LEVEL 14 100 QUEEN STREET ,LEVEL 7  60 ALBERT ROAD  ,MELBOURNE,SOUTH MELBOURNE,VIC,VIC,,,,AU,AUD,AUD,AUD,AUD,EFT,ANZAU,ANZAU:0000008854:MAIN,AU,3000,3205,551809180,083,ANZ,ANZ,,2017-05-31,0,ANZ01:AUD2:0000831147:830863,0,0,526.53,526.53,2017-05-31,830863,551809180,083,DEFAULT,0000008854:MAIN:1,MAIN,1
LEVEL 14 100 QUEEN STREET ,LEVEL 7  76 BERRY STREET  ,MELBOURNE,NORTH SYDNEY,VIC,NSW,,,,AU,AUD,AUD,AUD,AUD,EFT,ANZAU,ANZAU:0000048250:MAIN,AU,3000,2060,010045413,212,ANZ,ANZ,,2017-05-31,0,ANZ01:AUD2:0000831030:830746,0,0,148126.37,148126.37,2017-05-31,830746,010045413,212,MAIN,0000048250:MAIN:1,MAIN,1
LEVEL 14 100 QUEEN STREET ,LEVEL 8  189 KENT STREET  ,MELBOURNE,SYDNEY,VIC,NSW,,,,AU,AUD,AUD,AUD,AUD,EFT,ANZAU,ANZAU:0000047209:MAIN,AU,3000,2000,117172228,342,ANZ,ANZ,,2017-05-31,0,ANZ01:AUD2:0000831140:830856,0,0,2941.35,2941.35,2017-05-31,830856,117172228,342,DEFAULT,0000047209:MAIN:1,MAIN,1
LEVEL 14 100 QUEEN STREET ,LEVEL 8 271 COLLINS STREET ,MELBOURNE,MELBOURNE,VIC,VIC,,,,AU,AUD,AUD,AUD,AUD,EFT,ANZAU,ANZAU:0000014092:MAIN,AU,3000,3000,836620605,012,ANZ,ANZ,,2017-05-31,0,ANZ01:AUD2:0000831117:830833,0,0,99907.5,99907.5,2017-05-31,830833,836620605,012,DEFAULT,0000014092:MAIN:1,MAIN,1
LEVEL 14 100 QUEEN STREET ,LOCKED BAG 1020  ,MELBOURNE,MOOREBANK,VIC,NSW,,,,AU,AUD,AUD,AUD,AUD,EFT,ANZAU,ANZAU:0000038954:MAIN,AU,3000,1875,478721085,016,ANZ,ANZ,,2017-05-31,0,ANZ01:AUD2:0000831066:830782,0,0,5030.71,5030.71,2017-05-31,830782,478721085,016,MAIN,0000038954:MAIN:1,MAIN,1
LEVEL 14 100 QUEEN STREET ,LOCKED BAG 5  ,MELBOURNE,EAGLE FARM,VIC,QLD,,,,AU,AUD,AUD,AUD,AUD,EFT,ANZAU,ANZAU:0000030330:MAIN,AU,3000,4009,11028685,064,ANZ,ANZ,,2017-05-31,0,ANZ01:AUD2:0000831132:830848,0,0,66822.34,66822.34,2017-05-31,830848,11028685,064,MAIN,0000030330:MAIN:1,MAIN,1
LEVEL 14 100 QUEEN STREET ,LOCKED BAG 5031  ,MELBOURNE,PARRAMATTA,VIC,NSW,,,,AU,AUD,AUD,AUD,AUD,EFT,ANZAU,ANZAU:0000012955:MAIN,AU,3000,2124,229987,032,ANZ,ANZ,,2017-05-31,0,ANZ01:AUD2:0000831037:830753,0,0,9567.36,9567.36,2017-05-31,830753,229987,032,DEFAULT,0000012955:MAIN:1,MAIN,1
LEVEL 14 100 QUEEN STREET ,PO BOX 1070  ,MELBOURNE,SOUTH MELBOURNE,VIC,VIC,,,,AU,AUD,AUD,AUD,AUD,EFT,ANZAU,ANZAU:0000025887:MAIN,AU,3000,3205,253556891,013,ANZ,ANZ,,2017-05-31,0,ANZ01:AUD2:0000831081:830797,0,0,12248.9,12248.9,2017-05-31,830797,253556891,013,MAIN,0000025887:MAIN:1,MAIN,1
LEVEL 14 100 QUEEN STREET ,PO BOX 1123 CENTRAL PARK ,MELBOURNE,EAST MALVERN,VIC,VIC,,,,AU,AUD,AUD,AUD,AUD,EFT,ANZAU,ANZAU:WC302038:MAIN,AU,3000,3145,149476186,633,ANZ,ANZ,,2017-05-31,0,ANZ01:AUD2:0000831093:830809,0,0,2724.32,2724.32,2017-05-31,830809,149476186,633,MAIN,WC302038:MAIN:1,MAIN,1
LEVEL 14 100 QUEEN STREET ,PO BOX 1294 MACQUARIE CENTRE ,MELBOURNE,NORTH RYDE,VIC,NSW,,,,AU,AUD,AUD,AUD,AUD,EFT,ANZAU,ANZAU:0000044933:MAIN,AU,3000,2113,836041857,012,ANZ,ANZ,,2017-05-31,0,ANZ01:AUD2:0000831111:830827,0,0,13204.4,13204.4,2017-05-31,830827,836041857,012,MAIN,0000044933:MAIN:1,MAIN,1
LEVEL 14 100 QUEEN STREET ,PO BOX 1397  ,MELBOURNE,NEUTRAL BAY,VIC,NSW,,,,AU,AUD,AUD,AUD,AUD,EFT,ANZAU,ANZAU:0000049757:MAIN,AU,3000,2089,117372128,182,ANZ,ANZ,,2017-05-31,0,ANZ01:AUD2:0000831070:830786,0,0,880,880,2017-05-31,830786,117372128,182,DEFAULT,0000049757:MAIN:1,MAIN,1
LEVEL 14 100 QUEEN STREET ,PO BOX 14185  ,MELBOURNE,MELBOURNE,VIC,VIC,,,,AU,AUD,AUD,AUD,AUD,EFT,ANZAU,ANZAU:0000001176:MAIN,AU,3000,8001,837133307,014,ANZ,ANZ,,2017-05-31,0,ANZ01:AUD2:0000831164:830880,0,0,36229.82,36229.82,2017-05-31,830880,837133307,014,DEFAULT,0000001176:MAIN:1,MAIN,1
LEVEL 14 100 QUEEN STREET ,PO BOX 142 CHADSTONE CENTRE ,MELBOURNE,MELBOURNE,VIC,VIC,,,,AU,AUD,AUD,AUD,AUD,EFT,ANZAU,ANZAU:0000049054:MAIN,AU,3000,3148,10491068,063,ANZ,ANZ,,2017-05-31,0,ANZ01:AUD2:0000831039:830755,0,0,64515,64515,2017-05-31,830755,10491068,063,DEFAULT,0000049054:MAIN:1,MAIN,1
LEVEL 14 100 QUEEN STREET ,PO BOX 14390  ,MELBOURNE,MELBOURNE,VIC,VIC,,,,AU,AUD,AUD,AUD,AUD,EFT,ANZAU,ANZAU:0000023740:MAIN,AU,3000,8007,557133564,083,ANZ,ANZ,,2017-05-31,0,ANZ01:AUD2:0000831035:830751,0,0,61783.8,61783.8,2017-05-31,830751,557133564,083,MAIN,0000023740:MAIN:1,MAIN,1
LEVEL 14 100 QUEEN STREET ,PO BOX 160  ,MELBOURNE,OSBORNE PARK,VIC,WA,,,,AU,AUD,AUD,AUD,AUD,EFT,ANZAU,ANZAU:0000028900:MAIN,AU,3000,6917,1826984,306,ANZ,ANZ,,2017-05-31,0,ANZ01:AUD2:0000831162:830878,0,0,159.5,159.5,2017-05-31,830878,1826984,306,MAIN,0000028900:MAIN:1,MAIN,1
LEVEL 14 100 QUEEN STREET ,PO BOX 164  ,MELBOURNE,BROOKLYN PARK,VIC,SA,,,,AU,AUD,AUD,AUD,AUD,EFT,ANZAU,ANZAU:0000048193:MAIN,AU,3000,5032,232487,035,ANZ,ANZ,,2017-05-31,0,ANZ01:AUD2:0000831104:830820,0,0,3988.48,3988.48,2017-05-31,830820,232487,035,DEFAULT,0000048193:MAIN:1,MAIN,1
LEVEL 14 100 QUEEN STREET ,PO BOX 176  ,MELBOURNE,CHRISTCHURCH,VIC,,,,,AU,AUD,AUD,AUD,AUD,EFT,ANZAU,ANZAU:0000026068:MAIN,NZ,3000,8140,347211464,014,ANZ,ANZ,,2017-05-31,0,ANZ01:AUD2:0000831057:830773,0,0,1445.4,1445.4,2017-05-31,830773,347211464,014,DEFAULT,0000026068:MAIN:1,MAIN,1
LEVEL 14 100 QUEEN STREET ,PO BOX 2006 LEVEL 2 28 BURWOOD ROAD,MELBOURNE,BURWOOD,VIC,NSW,,,,AU,AUD,AUD,AUD,AUD,EFT,ANZAU,ANZAU:0000034950:MAIN,AU,3000,2134,28038016,062,ANZ,ANZ,,2017-05-31,0,ANZ01:AUD2:0000831149:830865,0,0,344.73,344.73,2017-05-31,830865,28038016,062,MAIN,0000034950:MAIN:1,MAIN,1
LEVEL 14 100 QUEEN STREET ,PO BOX 221  ,MELBOURNE,BLACKBURN,VIC,VIC,,,,AU,AUD,AUD,AUD,AUD,EFT,ANZAU,ANZAU:0000023472:MAIN,AU,3000,3130,775800863,012,ANZ,ANZ,,2017-05-31,0,ANZ01:AUD2:0000831077:830793,0,0,347752.35,347752.35,2017-05-31,830793,775800863,012,MAIN,0000023472:MAIN:1,MAIN,1
LEVEL 14 100 QUEEN STREET ,PO BOX 2350  ,MELBOURNE,KEW,VIC,VIC,,,,AU,AUD,AUD,AUD,AUD,EFT,ANZAU,ANZAU:0000032251:MAIN,AU,3000,3101,166400,033,ANZ,ANZ,,2017-05-31,0,ANZ01:AUD2:0000831048:830764,0,0,320.24,320.24,2017-05-31,830764,166400,033,MAIN,0000032251:MAIN:1,MAIN,1
LEVEL 14 100 QUEEN STREET ,PO BOX 3  ,MELBOURNE,COLLINS STREET WEST,VIC,VIC,,,,AU,AUD,AUD,AUD,AUD,EFT,ANZAU,ANZAU:0000028320:MAIN,AU,3000,8007,313388,033,ANZ,ANZ,,2017-05-31,0,ANZ01:AUD2:0000831080:830796,0,0,645.15,645.15,2017-05-31,830796,313388,033,MAIN,0000028320:MAIN:1,MAIN,1
LEVEL 14 100 QUEEN STREET ,PO BOX 300  ,MELBOURNE,ESSENDON,VIC,VIC,,,,AU,AUD,AUD,AUD,AUD,EFT,ANZAU,ANZAU:0000021954:MAIN,AU,3000,3040,311533517,013,ANZ,ANZ,,2017-05-31,0,ANZ01:AUD2:0000831047:830763,0,0,6684.46,6684.46,2017-05-31,830763,311533517,013,MAIN,0000021954:MAIN:1,MAIN,1
LEVEL 14 100 QUEEN STREET ,PO BOX 3229  ,MELBOURNE,MURRUMBEENA,VIC,VIC,,,,AU,AUD,AUD,AUD,AUD,EFT,ANZAU,ANZAU:0000049850:MAIN,AU,3000,3163,297545932,013,ANZ,ANZ,,2017-05-31,0,ANZ01:AUD2:0000831115:830831,0,0,77044,77044,2017-05-31,830831,297545932,013,DEFAULT,0000049850:MAIN:1,MAIN,1
LEVEL 14 100 QUEEN STREET ,PO BOX 325  ,MELBOURNE,THORNLEIGH,VIC,NSW,,,,AU,AUD,AUD,AUD,AUD,EFT,ANZAU,ANZAU:0000043740:MAIN,AU,3000,2120,120968,032,ANZ,ANZ,,2017-05-31,0,ANZ01:AUD2:0000831060:830776,0,0,2882.5,2882.5,2017-05-31,830776,120968,032,MAIN,0000043740:MAIN:1,MAIN,1
LEVEL 14 100 QUEEN STREET ,PO BOX 3411 RHODES WATERSIDE ,MELBOURNE,RHODES,VIC,NSW,,,,AU,AUD,AUD,AUD,AUD,EFT,ANZAU,ANZAU:0000013377:MAIN,AU,3000,2138,201530,034,ANZ,ANZ,,2017-05-31,0,ANZ01:AUD2:0000831033:830749,0,0,88,88,2017-05-31,830749,201530,034,DEFAULT,0000013377:MAIN:1,MAIN,1
LEVEL 14 100 QUEEN STREET ,PO BOX 60  ,MELBOURNE,BLYTH,VIC,SA,,,,AU,AUD,AUD,AUD,AUD,EFT,ANZAU,ANZAU:0000001023:MAIN,AU,3000,5462,020720340,105,ANZ,ANZ,,2017-05-31,0,ANZ01:AUD2:0000831146:830862,0,0,492.02,492.02,2017-05-31,830862,020720340,105,DEFAULT,0000001023:MAIN:1,MAIN,1
LEVEL 14 100 QUEEN STREET ,PO BOX 6184  ,MELBOURNE,NORTH SYDNEY,VIC,NSW,,,,AU,AUD,AUD,AUD,AUD,EFT,ANZAU,ANZAU:0000023473:MAIN,AU,3000,2060,837503662,014,ANZ,ANZ,,2017-05-31,0,ANZ01:AUD2:0000831137:830853,0,0,13346.4,13346.4,2017-05-31,830853,837503662,014,MAIN,0000023473:MAIN:1,MAIN,1
LEVEL 14 100 QUEEN STREET ,PO BOX 6184  ,MELBOURNE,NORTH SYDNEY,VIC,NSW,,,,AU,AUD,AUD,AUD,AUD,EFT,ANZAU,ANZAU:0000036038:MAIN,AU,3000,2060,837477556,014,ANZ,ANZ,,2017-05-31,0,ANZ01:AUD2:0000831138:830854,0,0,28865.18,28865.18,2017-05-31,830854,837477556,014,MAIN,0000036038:MAIN:1,MAIN,1
LEVEL 14 100 QUEEN STREET ,PO BOX 6184  ,MELBOURNE,NORTH SYDNEY,VIC,NSW,,,,AU,AUD,AUD,AUD,AUD,EFT,ANZAU,ANZAU:0000037025:MAIN,AU,3000,2060,837477513,014,ANZ,ANZ,,2017-05-31,0,ANZ01:AUD2:0000831136:830852,0,0,18391.15,18391.15,2017-05-31,830852,837477513,014,MAIN,0000037025:MAIN:1,MAIN,1
LEVEL 14 100 QUEEN STREET ,PO BOX 6284  ,MELBOURNE,POINT COOK,VIC,VIC,,,,AU,AUD,AUD,AUD,AUD,EFT,ANZAU,ANZAU:0000029160:MAIN,AU,3000,3030,493770133,013,ANZ,ANZ,,2017-05-31,0,ANZ01:AUD2:0000831094:830810,0,0,17027.09,17027.09,2017-05-31,830810,493770133,013,DEFAULT,0000029160:MAIN:1,MAIN,1
LEVEL 14 100 QUEEN STREET ,PO BOX 6409  ,MELBOURNE,NORTH SYDNEY,VIC,NSW,,,,AU,AUD,AUD,AUD,AUD,EFT,ANZAU,ANZAU:0000042252:MAIN,AU,3000,2060,528905238,012,ANZ,ANZ,,2017-05-31,0,ANZ01:AUD2:0000831074:830790,0,0,95731.35,95731.35,2017-05-31,830790,528905238,012,MAIN,0000042252:MAIN:1,MAIN,1
LEVEL 14 100 QUEEN STREET ,PO BOX 7056 MT CROSBY ,MELBOURNE,BRISBANE,VIC,QLD,,,,AU,AUD,AUD,AUD,AUD,EFT,ANZAU,ANZAU:0000048539:MAIN,AU,3000,4306,338105,034,ANZ,ANZ,,2017-05-31,0,ANZ01:AUD2:0000831160:830876,0,0,10035.3,10035.3,2017-05-31,830876,338105,034,MAIN,0000048539:MAIN:1,MAIN,1
LEVEL 14 100 QUEEN STREET ,PO BOX 7129  ,MELBOURNE,EAST BRISBANE,VIC,QLD,,,,AU,AUD,AUD,AUD,AUD,EFT,ANZAU,ANZAU:0000044410:MAIN,AU,3000,4169,159764088,084,ANZ,ANZ,,2017-05-31,0,ANZ01:AUD2:0000831064:830780,0,0,396,396,2017-05-31,830780,159764088,084,MAIN,0000044410:MAIN:1,MAIN,1
LEVEL 14 100 QUEEN STREET ,PO BOX 7405 ST KILDA ROAD ,MELBOURNE,MELBOURNE,VIC,VIC,,,,AU,AUD,AUD,AUD,AUD,EFT,ANZAU,ANZAU:0000014343:MAIN,AU,3000,3004,837805265,013,ANZ,ANZ,,2017-05-31,0,ANZ01:AUD2:0000831053:830769,0,0,62910.83,62910.83,2017-05-31,830769,837805265,013,MAIN,0000014343:MAIN:1,MAIN,1
LEVEL 14 100 QUEEN STREET ,PO BOX 84  ,MELBOURNE,BRIGHTON,VIC,VIC,,,,AU,AUD,AUD,AUD,AUD,EFT,ANZAU,ANZAU:0000040279:MAIN,AU,3000,3186,328340236,083,ANZ,ANZ,,2017-05-31,0,ANZ01:AUD2:0000831095:830811,0,0,726,726,2017-05-31,830811,328340236,083,DEFAULT,0000040279:MAIN:1,MAIN,1
LEVEL 14 100 QUEEN STREET ,PO BOX 973  ,MELBOURNE,BURNIE,VIC,TAS,,,,AU,AUD,AUD,AUD,AUD,EFT,ANZAU,ANZAU:0000043731:MAIN,AU,3000,7320,10173873,067,ANZ,ANZ,,2017-05-31,0,ANZ01:AUD2:0000831042:830758,0,0,351,351,2017-05-31,830758,10173873,067,DEFAULT,0000043731:MAIN:1,MAIN,1
LEVEL 14 100 QUEEN STREET ,PO BOX 978  ,MELBOURNE,DOUBLE BAY,VIC,NSW,,,,AU,AUD,AUD,AUD,AUD,EFT,ANZAU,ANZAU:0000039783:MAIN,AU,3000,1360,299794,032,ANZ,ANZ,,2017-05-31,0,ANZ01:AUD2:0000831098:830814,0,0,8800,8800,2017-05-31,830814,299794,032,MAIN,0000039783:MAIN:1,MAIN,1
LEVEL 14 100 QUEEN STREET ,PO BOX N140 GROSVENOR PLACE ,MELBOURNE,SYDNEY,VIC,NSW,,,,AU,AUD,AUD,AUD,AUD,EFT,ANZAU,ANZAU:0000031764:MAIN,AU,3000,1220,576440367,082,ANZ,ANZ,,2017-05-31,0,ANZ01:AUD2:0000831169:830885,0,0,11218.9,11218.9,2017-05-31,830885,576440367,082,MAIN,0000031764:MAIN:1,MAIN,1
LEVEL 14 100 QUEEN STREET ,PO BOX N549 GROSVENOR PLACE ,MELBOURNE,SYDNEY,VIC,NSW,,,,AU,AUD,AUD,AUD,AUD,EFT,ANZAU,ANZAU:0000012249:MAIN,AU,3000,1220,489788402,012,ANZ,ANZ,,2017-05-31,0,ANZ01:AUD2:0000831034:830750,0,0,4950,4950,2017-05-31,830750,489788402,012,MAIN,0000012249:MAIN:1,MAIN,1
LEVEL 14 100 QUEEN STREET ,PO BOX Q1436  ,MELBOURNE,QVB POST OFFICE,VIC,NSW,,,,AU,AUD,AUD,AUD,AUD,EFT,ANZAU,ANZAU:0000017162:MAIN,AU,3000,1230,836016985,012,ANZ,ANZ,,2017-05-31,0,ANZ01:AUD2:0000831049:830765,0,0,4653,4653,2017-05-31,830765,836016985,012,MAIN,0000017162:MAIN:1,MAIN,1
LEVEL 14 100 QUEEN STREET ,PO BOX Q1589  ,MELBOURNE,SYDNEY,VIC,NSW,,,,AU,AUD,AUD,AUD,AUD,EFT,ANZAU,ANZAU:0000025093:MAIN,AU,3000,1230,,342,ANZ,ANZ,,2017-05-31,0,ANZ01:AUD2:0000831091:830807,0,0,0,0,2017-05-31,830807,,342,MAIN,0000025093:MAIN:1,MAIN,1
LEVEL 14 100 QUEEN STREET ,PO BOX Q279  ,MELBOURNE,QVB POST OFFICE,VIC,NSW,,,,AU,AUD,AUD,AUD,AUD,EFT,ANZAU,ANZAU:0000045963:MAIN,AU,3000,1230,028573951,082,ANZ,ANZ,,2017-05-31,0,ANZ01:AUD2:0000831032:830748,0,0,24200,24200,2017-05-31,830748,028573951,082,DEFAULT,0000045963:MAIN:1,MAIN,1
LEVEL 14 100 QUEEN STREET ,PO BOX Q882  ,MELBOURNE,SYDNEY,VIC,NSW,,,,AU,AUD,AUD,AUD,AUD,EFT,ANZAU,ANZAU:0000040838:MAIN,AU,3000,1230,10573788,062,ANZ,ANZ,,2017-05-31,0,ANZ01:AUD2:0000831148:830864,0,0,2887.5,2887.5,2017-05-31,830864,10573788,062,MAIN,0000040838:MAIN:1,MAIN,1
LEVEL 14 100 QUEEN STREET ,PO BOX Z5107  ,MELBOURNE,PERTH,VIC,WA,,,,AU,AUD,AUD,AUD,AUD,EFT,ANZAU,ANZAU:0000006767:MAIN,AU,3000,6831,276207404,186,ANZ,ANZ,,2017-05-31,0,ANZ01:AUD2:0000831134:830850,0,0,906.46,906.46,2017-05-31,830850,276207404,186,DEFAULT,0000006767:MAIN:1,MAIN,1
LEVEL 14 100 QUEEN STREET ,RYDECORP BUILDING UNIT 5  2 EDEN PARK DRIVE ,MELBOURNE,MACQUQRIE PARK,VIC,NSW,,,,AU,AUD,AUD,AUD,AUD,EFT,ANZAU,ANZAU:0000045121:MAIN,AU,3000,2113,524599,032,ANZ,ANZ,,2017-05-31,0,ANZ01:AUD2:0000831073:830789,0,0,10840.71,10840.71,2017-05-31,830789,524599,032,MAIN,0000045121:MAIN:1,MAIN,1
LEVEL 14 100 QUEEN STREET ,SDB5  PUNE PLOT NO. 24/3 RAJIV GANDHI INFOTECH PARK HINJEWADI PHA ,MELBOURNE,PUNE,VIC,,,,,AU,AUD,AUD,AUD,AUD,EFT,ANZAU,ANZAU:0000037009:MAIN,AU,3000,411057,120339001,243,ANZ,ANZ,,2017-05-31,0,ANZ01:AUD2:0000831083:830799,0,0,46532.31,46532.31,2017-05-31,830799,120339001,243,MAIN,0000037009:MAIN:1,MAIN,1
LEVEL 14 100 QUEEN STREET ,SUITE 109/838 COLLINS STREET  ,MELBOURNE,DOCKLANDS,VIC,VIC,,,,AU,AUD,AUD,AUD,AUD,EFT,ANZAU,ANZAU:0000050035:MAIN,AU,3000,3008,10276509,063,ANZ,ANZ,,2017-05-31,0,ANZ01:AUD2:0000831092:830808,0,0,82500,82500,2017-05-31,830808,10276509,063,DEFAULT,0000050035:MAIN:1,MAIN,1
LEVEL 14 100 QUEEN STREET ,SUITE 21 47 BOURKE STREET ,MELBOURNE,MELBOURNE,VIC,VIC,,,,AU,AUD,AUD,AUD,AUD,EFT,ANZAU,ANZAU:0000034900:MAIN,AU,3000,3000,119187607,183,ANZ,ANZ,,2017-05-31,0,ANZ01:AUD2:0000831051:830767,0,0,6930,6930,2017-05-31,830767,119187607,183,MAIN,0000034900:MAIN:1,MAIN,1
LEVEL 14 100 QUEEN STREET ,SUITE 2:02  202 JELLS ROAD  ,MELBOURNE,WHEELERS HILL,VIC,VIC,,,,AU,AUD,AUD,AUD,AUD,EFT,ANZAU,ANZAU:0000031326:MAIN,AU,3000,3150,261759,032,ANZ,ANZ,,2017-05-31,0,ANZ01:AUD2:0000831088:830804,0,0,115578.07,115578.07,2017-05-31,830804,261759,032,MAIN,0000031326:MAIN:1,MAIN,1
LEVEL 14 100 QUEEN STREET ,SUITE 3  43-53 BRIDGE ROAD  ,MELBOURNE,STANMORE,VIC,NSW,,,,AU,AUD,AUD,AUD,AUD,EFT,ANZAU,ANZAU:0000047225:MAIN,AU,3000,2048,10425252,062,ANZ,ANZ,,2017-05-31,0,ANZ01:AUD2:0000831109:830825,0,0,5500,5500,2017-05-31,830825,10425252,062,MAIN,0000047225:MAIN:1,MAIN,1
LEVEL 14 100 QUEEN STREET ,SUITE 45  THE CENTRAL 1 RICKETTS ROAD ,MELBOURNE,MOUNT WAVERLEY,VIC,VIC,,,,AU,AUD,AUD,AUD,AUD,EFT,ANZAU,ANZAU:0000024106:MAIN,AU,3000,3149,497130459,013,ANZ,ANZ,,2017-05-31,0,ANZ01:AUD2:0000831076:830792,0,0,12870,12870,2017-05-31,830792,497130459,013,DEFAULT,0000024106:MAIN:1,MAIN,1
LEVEL 14 100 QUEEN STREET ,SUITE 59  LEVEL 11  W-TOWER  ,MELBOURNE,FORTITUDE VALLEY,VIC,QLD,,,,AU,AUD,AUD,AUD,AUD,EFT,ANZAU,ANZAU:0000046766:MAIN,AU,3000,4006,396179245,084,ANZ,ANZ,,2017-05-31,0,ANZ01:AUD2:0000831036:830752,0,0,27500,27500,2017-05-31,830752,396179245,084,MAIN,0000046766:MAIN:1,MAIN,1
LEVEL 14 100 QUEEN STREET ,SUITE 8  LEVEL 2 517 FLINDERS LANE ,MELBOURNE,MELBOURNE,VIC,VIC,,,,AU,AUD,AUD,AUD,AUD,EFT,ANZAU,ANZAU:0000040895:MAIN,AU,3000,3000,440400796,013,ANZ,ANZ,,2017-05-31,0,ANZ01:AUD2:0000831063:830779,0,0,359.8,359.8,2017-05-31,830779,440400796,013,MAIN,0000040895:MAIN:1,MAIN,1
LEVEL 14 100 QUEEN STREET ,SURVEY NOS. 76-P 80-P  DODDAKKANAHALLI VARTUR HOBLI SARJAPUR ROAD  CARMELRAM PO,MELBOURNE,BANGALORE,VIC,KA,,,,AU,AUD,AUD,AUD,AUD,EFT,ANZAU,ANZAU:0000029520:MAIN,IN,3000,560035,211408001,343,ANZ,ANZ,,2017-05-31,0,ANZ01:AUD2:0000831165:830881,0,0,8264.1,8264.1,2017-05-31,830881,211408001,343,MAIN,0000029520:MAIN:1,MAIN,1
LEVEL 14 100 QUEEN STREET ,TIS NATIONAL CENTRE GPO BOX 241 ,MELBOURNE,MELBOURNE,VIC,VIC,,,,AU,AUD,AUD,AUD,AUD,EFT,ANZAU,ANZAU:0000030583:MAIN,AU,3000,3001,10016108,062,ANZ,ANZ,,2017-05-31,0,ANZ01:AUD2:0000831155:830871,0,0,776.23,776.23,2017-05-31,830871,10016108,062,MAIN,0000030583:MAIN:1,MAIN,1
LEVEL 14 100 QUEEN STREET ,UNIT 1/9A PONDEROSA PDE  ,MELBOURNE,WARRIEWOOD,VIC,NSW,,,,AU,AUD,AUD,AUD,AUD,EFT,ANZAU,ANZAU:0000034293:MAIN,AU,3000,2102,108837777,012,ANZ,ANZ,,2017-05-31,0,ANZ01:AUD2:0000831121:830837,0,0,109263.55,109263.55,2017-05-31,830837,108837777,012,MAIN,0000034293:MAIN:1,MAIN,1
LEVEL 14 100 QUEEN STREET ,UNIT 202 25 GIPPS STREET ,MELBOURNE,COLLINGWOOD,VIC,VIC,,,,AU,AUD,AUD,AUD,AUD,EFT,ANZAU,ANZAU:0000048762:MAIN,AU,3000,3066,262470002,013,ANZ,ANZ,,2017-05-31,0,ANZ01:AUD2:0000831128:830844,0,0,34314.5,34314.5,2017-05-31,830844,262470002,013,DEFAULT,0000048762:MAIN:1,MAIN,1
LEVEL 14 100 QUEEN STREET ,UNIT 3/1 NURSERY AVE CLAYTON BUSINESS PARK ,MELBOURNE,CLAYTON,VIC,VIC,,,,AU,AUD,AUD,AUD,AUD,EFT,ANZAU,ANZAU:0000049421:MAIN,AU,3000,3168,185179,032,ANZ,ANZ,,2017-05-31,0,ANZ01:AUD2:0000831038:830754,0,0,3600.96,3600.96,2017-05-31,830754,185179,032,DEFAULT,0000049421:MAIN:1,MAIN,1
LEVEL 14 100 QUEEN STREET ,UNIT 9  350 BRIDGE STREET  ,MELBOURNE,PORT MELBOURNE,VIC,VIC,,,,AU,AUD,AUD,AUD,AUD,EFT,ANZAU,ANZAU:0000042248:MAIN,AU,3000,3207,223710544,013,ANZ,ANZ,,2017-05-31,0,ANZ01:AUD2:0000831112:830828,0,0,10945,10945,2017-05-31,830828,223710544,013,DEFAULT,0000042248:MAIN:1,MAIN,1
