"UTF-8"
PMNT_ID,ECQUEUEINSTANCE,BUSINESS_UNIT,PYMNT_METHOD,BANK_ACCT_KEY,COMPOSITE_ACCT_KEY,SCHEDULED_PAY_DT,BANK_CD,PAYMENT_AMT,PAYMENT_GROSS_AMT,PAYMENT_DISC_AMT,PAYMENT_CURRENCY_CD,VENDOR_NAME,BANK_ACCOUNT_TYPE,BANK_ACCOUNT_ID_TYPE,BANK_ID_TYPE,BANK_ACCOUNT_ID,IBAN_ID,BANK_ID,BANK_NAME,BRANCH_NAME,BANK_STREET,BANK_CITY,BANK_POSTALCODE,BANK_STATE,BANK_COUNTRY,REMIT_TO_STREET,REMIT_TO_CITY,REMIT_TO_POSTALCODE,REMIT_TO_STATE,REMIT_TO_COUNTRY
"PAYTEST1-82098","IRTEST1-82098","00100","MAN",,,"04/30/2019 17:00:00 -0700",,"1000.0000","1000.0000","0.0000","AUD",,,,,,,,,,,,,,,,,,,
"PAYTEST4-82101","IRTEST4-82101","00100","MAN",,,"04/30/2019 17:00:00 -0700",,"200.0000","200.0000","0.0000","AUD",,,,,,,,,,,,,,,,,,,
"PAYTEST2-82099","IRTEST2-82099","00100","MAN",,,"04/30/2019 17:00:00 -0700",,"500.0000","500.0000","0.0000","AUD",,,,,,,,,,,,,,,,,,,
"PAYTEST3-82100","IRTEST3-82100","00100","MAN",,,"04/18/2019 17:00:00 -0700",,"300.0000","300.0000","0.0000","AUD",,,,,,,,,,,,,,,,,,,
"PAYTEST5-82102","IRTEST5-82102","00100","MAN",,,"04/18/2019 17:00:00 -0700",,"250.0000","250.0000","0.0000","AUD",,,,,,,,,,,,,,,,,,,
"PAYDMAIN1-82104","IRDMAIN1-82104","00100","MAN",,,"04/04/2019 21:31:53 -0700",,"4000.0000","4000.0000","0.0000","AUD",,,,,,,,,,,,,,,,,,,
"PAYDMAIN2-82105","IRDMAIN2-82105","00100","MAN",,,"04/04/2019 21:33:02 -0700",,"4000.0000","4000.0000","0.0000","AUD",,,,,,,,,,,,,,,,,,,
