"UTF-8"
PMNT_ID,ECQUEUEINSTANCE,BUSINESS_UNIT,INVOICE_ID,INVOICE_DT,VENDOR_SETID,VENDOR_ID,GROSS_AMT,TXN_CURRENCY_CD,PAYMENT_TERMS,TAX_ACCRUAL_PMNT,VENDOR_LOC,REMIT_ADDR_SEQ_NUM,VENDOR_ADDR_SEQ_NUM,cus_InvoiceReceiptDateExport,INVOICE_TYPE,IS_PRICE_ADJUSTMENT,REF_INVOICE_ID
"PAYTEST1-82098","IRTEST1-82098","00100","TEST1","04/03/2019","ANZAU","0000000264","1000.0000","AUD","30","No","MAIN",,"1","04/01/2019","standard","No",
"PAYTEST4-82101","IRTEST4-82101","00100","TEST4","04/03/2019","ANZAU","0000000520","200.0000","AUD","30","No","MAIN",,"1","04/01/2019","standard","No",
"PAYTEST2-82099","IRTEST2-82099","00100","TEST2","04/03/2019","ANZAU","0000000264","500.0000","AUD","30","No","MAIN",,"1","04/01/2019","standard","No",
"PAYTEST3-82100","IRTEST3-82100","00100","TEST3","04/03/2019","ANZAU","0000000264","300.0000","AUD","30","No","MAIN",,"1","03/20/2019","standard","No",
"PAYTEST5-82102","IRTEST5-82102","00100","TEST5","04/03/2019","ANZAU","0000000520","250.0000","AUD","30","No","MAIN",,"1","03/20/2019","standard","No",
"PAYDMAIN1-82104","IRDMAIN1-82104","00100","DMAIN1","04/03/2019","ANZAU","0000000264","4000.0000","AUD","0","No","D.MAIN",,"1","04/01/2019","standard","No",
"PAYDMAIN2-82105","IRDMAIN2-82105","00100","DMAIN2","04/03/2019","ANZAU","0000000264","4000.0000","AUD","0","No","D.MAIN",,"1","03/20/2019","standard","No",
