"UTF-8"
PaymentId,InvoiceDate,GrossAmountCurrency,ForTaxAccrual,InvoiceNumber,InvoiceReconciliationId,Supplier,PaymentTerms,SupplierLocationContactID,RemittanceLocation,PurchasingUnit,SupplierLocation,GrossAmount,cus_RequisitionID,cus_OrderID,cus_RequesterName,cus_SupplierName
"PAY973114256-239668","02/28/2018 00:49:00 -0800","SGD","No","973114256","IR973114256-239668","WIPRO","30","WIPRO",,"SGP","WIPRO1","228431.2900",,,"Vinay Adsule","WIPRO LIMITED"
"PAYANZ.18-639-240654","04/02/2018 01:49:00 -0700","SGD","No","ANZ.18-639","IRANZ.18-639-240654","SGP0000258","30","SGP0000258",,"SGP","SGP0000258","58422.0000","PR114596","PO105103","Nicola Lanteri","EXCELIAN (SINGAPORE) PTE. LTD."
"PAYANZ.18-640-240655","04/02/2018 01:49:00 -0700","SGD","No","ANZ.18-640","IRANZ.18-640-240655","SGP0000258","30","SGP0000258",,"SGP","SGP0000258","49220.0000","PR114596","PO105103","Nicola Lanteri","EXCELIAN (SINGAPORE) PTE. LTD."
"PAY0000804-240665","05/22/2018 19:55:00 -0700","VND","No","0000804","IR0000804-240665","VNAD0005","30","VNAD0005",,"VNM","VNAD0005","8783500.0000",,,"Thi Minh Tam Nguyen","CONG TY TNHH IN, QUANG CAO VA THUONG MAI VINH XUAN"
"PAY2008545-240669","04/29/2018 20:45:00 -0700","VND","No","2008545","IR2008545-240669","VNAP0301","30","VNAP0301",,"VNM","VNAP0301","8422260.0000",,,"Thi Minh Tam Nguyen","CHI NHANH CONG TY TNHH LA VIE TAI HA NOI"
"PAY6507-240602","05/17/2018 22:51:00 -0700","SGD","No","6507","IR6507-240602","NZCHAMBER","30","NZCHAMBER",,"SGP","NZCHAMBER","25.0000",,,"Elaine Wong","NEW ZEALAND CHAMBER OF COMMERCE (SINGAPORE)"
"PAYOM-00002119-240470","11/26/2017 01:04:00 -0800","HKD","No","OM-00002119","IROM-00002119-240470","HKGANZ2822","30","HKGANZ2822",,"HKG","HKGANZ2822","18631.0000",,,"Ginny Wong","TRANSUNION LTD"
"PAYOM-00002549-240486","01/25/2018 19:32:00 -0800","HKD","No","OM-00002549","IROM-00002549-240486","HKGANZ2822","30","HKGANZ2822",,"HKG","HKGANZ2822","18631.0000",,,"Ginny Wong","TRANSUNION LTD"
"PAYSSTCMBCCAPR18-240673","05/07/2018 21:29:00 -0700","VND","No","SSTCMBCCAPR18","IRSSTCMBCCAPR18-240673","VNAP0689","30","VNAP0689",,"VNM","VNAP0689","311995.0000",,,"Thuy Ha My Nguyen","CONG TY TNHH MOT THANH VIEN THUONG MAI DICH VU CUOC SONG MOI"
"PAY0003838-240662","04/29/2018 19:41:00 -0700","VND","No","0003838","IR0003838-240662","VNAP0674","30","VNAP0674",,"VNM","VNAP0674","280197500.0000",,,"Thi Minh Tam Nguyen","CONG TY TNHH DU LICH VA THUONG MAI SONG HONG"
"PAYANZSIN/18-19/001-240179","04/30/2018 02:41:00 -0700","USD","No","ANZSIN/18-19/001","IRANZSIN/18-19/001-240179","ANZINDIA","30","ANZINDIA",,"SGP","ANZINDIA","204711.0000",,,"Elina Sadler","AUSTRALIA AND NEW ZEALAND BANKING GROUP LIMITED"
"PAY11376-240569","04/30/2018 23:42:00 -0700","AUD","No","11376","IR11376-240569","WORKWARE","30","WORKWARE",,"SGP","WORKWARE","932.2500","PR113744","PO104591","Paul Pello","ACTIVEOPS PTY LTD"
"PAY201820010551-240674","05/14/2018 21:46:00 -0700","SGD","No","201820010551","IR201820010551-240674","DIGITALSIN","30","DIGITALSIN",,"SGP","DIGITALSIN","339.1700",,,"Ricky Lau","DIGITAL SINGAPORE JURONG EAST PTE LTD"
"PAY201820010468-240677","04/30/2018 22:03:00 -0700","SGD","No","201820010468","IR201820010468-240677","DIGITALSIN","30","DIGITALSIN",,"SGP","DIGITALSIN","5110.5400",,,"Ricky Lau","DIGITAL SINGAPORE JURONG EAST PTE LTD"
"PAY201820010548-240694","05/15/2018 02:43:00 -0700","SGD","No","201820010548","IR201820010548-240694","DIGITALSIN","30","DIGITALSIN",,"SGP","DIGITALSIN","3076.6500",,,"Ricky Lau","DIGITAL SINGAPORE JURONG EAST PTE LTD"
"PAY201820010466-240703","04/30/2018 21:21:00 -0700","SGD","No","201820010466","IR201820010466-240703","DIGITALSIN","30","DIGITALSIN",,"SGP","DIGITALSIN","98122.2100",,,"Ricky Lau","DIGITAL SINGAPORE JURONG EAST PTE LTD"
"PAY201820010550-240676","05/14/2018 21:46:00 -0700","SGD","No","201820010550","IR201820010550-240676","DIGITALSIN","30","DIGITALSIN",,"SGP","DIGITALSIN","33430.4900",,,"Ricky Lau","DIGITAL SINGAPORE JURONG EAST PTE LTD"
"PAY201820010549-240675","05/14/2018 21:46:00 -0700","SGD","No","201820010549","IR201820010549-240675","DIGITALSIN","30","DIGITALSIN",,"SGP","DIGITALSIN","31402.4100",,,"Ricky Lau","DIGITAL SINGAPORE JURONG EAST PTE LTD"
"PAY201820010465-240678","04/30/2018 22:03:00 -0700","SGD","No","201820010465","IR201820010465-240678","DIGITALSIN","30","DIGITALSIN",,"SGP","DIGITALSIN","98122.2100",,,"Ricky Lau","DIGITAL SINGAPORE JURONG EAST PTE LTD"
"PAY201820010467-240704","04/30/2018 21:21:00 -0700","SGD","No","201820010467","IR201820010467-240704","DIGITALSIN","30","DIGITALSIN",,"SGP","DIGITALSIN","98122.2100",,,"Ricky Lau","DIGITAL SINGAPORE JURONG EAST PTE LTD"
"PAY7200031349-240708","05/14/2018 22:49:00 -0700","SGD","No","7200031349","IR7200031349-240708","STARHUBLTD","30","STARHUBLTD",,"SGP","STARHUBLTD","813.2500",,,"Bartolome (Vhart) Aguirre","StarHub Ltd"
"PAYCHD-2018-APR-010-240262","04/29/2018 20:48:00 -0700","AUD","No","CHD-2018-APR-010","IRCHD-2018-APR-010-240262","ANZCHENGDU","30","ANZCHENGDU",,"SGP","ANZCHENGDU","16295.5100",,,"Raju Devassy","ANZ GLOBAL SERVICES AND OPERATIONS (CHENGDU) COMPANY LIMITED"
"PAYSZ/18-19/031-240611","04/29/2018 20:14:00 -0700","USD","No","SZ/18-19/031","IRSZ/18-19/031-240611","ANZSUPIND","30","ANZSUPIND",,"SGP","ANZSUPIND","76.0000",,,"Raju Devassy","ANZ SUPPORT SERVICES INDIA PTE LTD"
"PAYSZ/18-19/032-240623","04/29/2018 20:14:00 -0700","USD","No","SZ/18-19/032","IRSZ/18-19/032-240623","ANZSUPIND","30","ANZSUPIND",,"SGP","ANZSUPIND","14746.0000",,,"Raju Devassy","ANZ SUPPORT SERVICES INDIA PTE LTD"
"PAYSIV-18009209-240712","01/31/2018 22:16:00 -0800","SGD","No","SIV-18009209","IRSIV-18009209-240712","SGP0000147","30","SGP0000147",,"SGP","SGP0000147","545.7000","PR115045","PO105511","Rachel Gill","DESKRIGHT PTE LTD"
"PAY0031528-240689","05/22/2018 00:09:00 -0700","PHP","No","0031528","IR0031528-240689","PHB00122","60","PHB00122",,"PHB","PHB00122","4000.0000","PR115460","PO105910","Marilyn Basilonia","GA Printing, Inc"
"PAY0000117-240615","05/14/2018 02:32:00 -0700","VND","No","0000117","IR0000117-240615","VNPR0165","30","VNPR0165",,"VNM","VNPR0165","15119500.0000",,,"Giang Quach","CONG TY CO PHAN SAN XUAT VA THUONG MAI DIEN BINH SON"
"PAY0029077-240754","05/23/2018 22:31:00 -0700","PHP","No","0029077","IR0029077-240754","PHB00122","60","PHB00122",,"PHB","PHB00122","10500.0000","PR115460","PO105909","Marilyn Basilonia","GA Printing, Inc"
"PAYANZ.18-641-240715","04/01/2018 23:35:00 -0700","SGD","No","ANZ.18-641","IRANZ.18-641-240715","SGP0000258","30","SGP0000258",,"SGP","SGP0000258","39804.0000","PR114596","PO105103","Nicola Lanteri","EXCELIAN (SINGAPORE) PTE. LTD."
"PAY296997-240721","05/16/2018 00:25:00 -0700","USD","No","296997","IR296997-240721","DELAGE","30","DELAGE",,"SGP","DELAGE","7891.2500",,,"Mahaseena Fernandes e Torrado","De Lage Landen Pte Ltd"
"PAY0000116-240614","05/14/2018 02:32:00 -0700","VND","No","0000116","IR0000116-240614","VNPR0165","30","VNPR0165",,"VNM","VNPR0165","5060000.0000",,,"Giang Quach","CONG TY CO PHAN SAN XUAT VA THUONG MAI DIEN BINH SON"
"PAY00008637-240688","05/15/2018 23:53:00 -0700","USD","No","00008637","IR00008637-240688","HKGANZ4036","30","HKGANZ4036",,"HKG","HKGANZ4036","2601.7400",,,"Anna Cheung","BANKERS MEETINGS LLC"
"PAY20180424-240762","04/24/2018 00:26:00 -0700","JPY","No","20180424","IR20180424-240762","HKGANZ4055","30","HKGANZ4055",,"HKG","HKGANZ4055","526166.0000",,,"Olivia Tsui","ANZCCJ EVENTS"
"PAY2152156-240711","05/23/2018 23:13:00 -0700","VND","No","2152156","IR2152156-240711","VNAP0500","30","VNAP0500",,"VNM","VNAP0500","21593275.0000",,,"Hien Truong","TRUNG TAM KINH DOANH VNPT THANH PHO HO CHI MINH - CHI NHANH TONG CONG TY DICH VU VIEN THONG"
"PAY00008636-240686","04/24/2018 23:44:00 -0700","USD","No","00008636","IR00008636-240686","HKGANZ4036","30","HKGANZ4036",,"HKG","HKGANZ4036","1123.0300",,,"Anna Cheung","BANKERS MEETINGS LLC"
"PAYCHD-2018-APR-012-240282","04/29/2018 20:48:00 -0700","AUD","No","CHD-2018-APR-012","IRCHD-2018-APR-012-240282","ANZCHENGDU","30","ANZCHENGDU",,"SGP","ANZCHENGDU","8864.0100",,,"Jessie Chua","ANZ GLOBAL SERVICES AND OPERATIONS (CHENGDU) COMPANY LIMITED"
"PAYCHD-2018-APR-009-240281","04/29/2018 20:48:00 -0700","AUD","No","CHD-2018-APR-009","IRCHD-2018-APR-009-240281","ANZCHENGDU","30","ANZCHENGDU",,"SGP","ANZCHENGDU","14300.6100",,,"Jessie Chua","ANZ GLOBAL SERVICES AND OPERATIONS (CHENGDU) COMPANY LIMITED"
"PAY0000126-240617","05/15/2018 02:45:00 -0700","VND","No","0000126","IR0000126-240617","VNPR0165","30","VNPR0165",,"VNM","VNPR0165","42900000.0000",,,"Giang Quach","CONG TY CO PHAN SAN XUAT VA THUONG MAI DIEN BINH SON"
"PAY0000125-240616","05/15/2018 02:45:00 -0700","VND","No","0000125","IR0000125-240616","VNPR0165","30","VNPR0165",,"VNM","VNPR0165","61666000.0000",,,"Giang Quach","CONG TY CO PHAN SAN XUAT VA THUONG MAI DIEN BINH SON"
"PAY383152-240212","05/03/2018 19:00:00 -0700","SGD","No","383152","IR383152-240212","SOFTWAREONE","30","SOFTWAREONE","RL_INTERNAL49660875","SGP","SOFTWAREONE","528.9300","PR115149","PO105657","Talib Mattar","SOFTWAREONE PTE LTD"
"PAYSG00000503-240701","05/22/2018 21:10:00 -0700","SGD","No","SG00000503","IRSG00000503-240701","TOM","30","TOM",,"SGP","TOM","27135.6700",,,"Vinay Gupta","TOM SINGAPORE PTE LTD"
"PAY4104077649-240468","03/30/2018 22:35:00 -0700","SGD","No","4104077649","IR4104077649-240468","DPINFONET","30","DPINFONET",,"SGP","DPINFONET","293.3900",,,"Andrew Dowman","DP Information Network Pte Ltd"
"PAY4104078833-240466","04/29/2018 22:28:00 -0700","SGD","No","4104078833","IR4104078833-240466","DPINFONET","30","DPINFONET",,"SGP","DPINFONET","158.6800",,,"Andrew Dowman","DP Information Network Pte Ltd"
"PAY8647-240705","05/17/2018 22:02:00 -0700","SGD","No","8647","IR8647-240705","VISALINK","30","VISALINK",,"SGP","VISALINK","95.0000",,,"Winnie Ng","Visalink Express Services"
"PAY7800140342-240765","11/22/2017 00:47:00 -0800","SGD","No","7800140342","IR7800140342-240765","SINGTEL","30","SINGTEL",,"SGP","SINGTEL","3043.2400","PR114021","PO104653","Adelina Lim","SINGTEL"
"PAYPOS-1805-13548-240707","05/18/2018 22:32:00 -0700","SGD","No","POS-1805-13548","IRPOS-1805-13548-240707","HAZELGIFTS","30","HAZELGIFTS",,"SGP","HAZELGIFTS","80.3000",,,"Lisa Paul","HAZEL FLORIST AND GIFTS PTE LTD"
"PAYINV-DO-2018042-240702","05/07/2018 21:11:00 -0700","SGD","No","INV-DO-2018042","IRINV-DO-2018042-240702","SGP0000319","30","SGP0000319",,"SGP","SGP0000319","1980.0000",,,"Lisa Paul","DOPE ENTERTAINMENT PTE LTD"
"PAY5300038654-240726","04/30/2018 01:24:00 -0700","VND","No","5300038654","IR5300038654-240726","VNAD0024","30","VNAD0024",,"VNM","VNAD0024","52879864.0000",,,"Thi Minh Tam Nguyen","Cong ty TNHH Chuyen phat nhanh DHL-VNPT"
"PAY01-2018/ANZ-240730","05/25/2018 01:33:00 -0700","VND","No","01-2018/ANZ","IR01-2018/ANZ-240730","VNAD0077","30","VNAD0077",,"VNM","VNAD0077","60500000.0000",,,"Thi Minh Tam Nguyen","CONG TY CO PHAN VAN CHUYEN SAI GON TOURIST"
"PAY1300662809-240723","05/24/2018 01:17:00 -0700","VND","No","1300662809","IR1300662809-240723","VNAD0024","30","VNAD0024",,"VNM","VNAD0024","12865648.0000",,,"Thi Minh Tam Nguyen","Cong ty TNHH Chuyen phat nhanh DHL-VNPT"
"PAYDP-0518-436-240719","05/24/2018 00:02:00 -0700","SGD","No","DP-0518-436","IRDP-0518-436-240719","DATAPOST","30","DATAPOST",,"SGP","DATAPOST","4400.3700",,,"David Chia","DataPost Pte Ltd"
"PAY0000344-240716","05/21/2018 23:39:00 -0700","VND","No","0000344","IR0000344-240716","VNAD0089","30","VNAD0089",,"VNM","VNAD0089","165000.0000",,,"Thi Minh Tam Nguyen","CONG TY TNHH THUONG MAI HA ANH"
"PAYDP-0518-433-240720","05/24/2018 00:02:00 -0700","SGD","No","DP-0518-433","IRDP-0518-433-240720","DATAPOST","30","DATAPOST",,"SGP","DATAPOST","1262.5600",,,"David Chia","DataPost Pte Ltd"
"PAYDP-0518-435-240718","05/24/2018 00:02:00 -0700","SGD","No","DP-0518-435","IRDP-0518-435-240718","DATAPOST","30","DATAPOST",,"SGP","DATAPOST","3526.8400",,,"David Chia","DataPost Pte Ltd"
"PAYINV/DH/118009229-240593","05/20/2018 21:34:00 -0700","SGD","No","INV/DH/118009229","IRINV/DH/118009229-240593","DELIHUB","30","DELIHUB",,"SGP","DELIHUB","682.3000",,,"Dina Teng","Deli Hub Catering Pte Ltd"
"PAYSCR 2017-445-240523","05/18/2018 01:09:30 -0700","HKD","No","SCR 2017-445","IRSCR 2017-445-240523","HKGANZ0102","30","HKGANZ0102","RL_INTERNAL50140355","HKG","HKGANZ0102","37760.0000","PR114264","PO104946","Hou Pio Lam","Fuji Xerox Document Management Solutions Asia Ltd"
"PAYSCR 2017-604-240522","05/18/2018 01:05:34 -0700","HKD","No","SCR 2017-604","IRSCR 2017-604-240522","HKGANZ0102","30","HKGANZ0102","RL_INTERNAL50140299","HKG","HKGANZ0102","20936.0000","PR114263","PO104945","Hou Pio Lam","Fuji Xerox Document Management Solutions Asia Ltd"
"PAY0000416-240612","05/18/2018 02:24:00 -0700","VND","No","0000416","IR0000416-240612","VNAP0529","30","VNAP0529",,"VNM","VNAP0529","299643000.0000",,,"Giang Quach","Cong ty co phan noi that hoan thien va xay dung 3D"
"PAY27125 CR-240784","05/24/2018 01:24:36 -0700","HKD","No","27125 CR","IR27125 CR-240784","HKGANZ0102","30","HKGANZ0102","RL_INTERNAL50571747","HKG","HKGANZ0102","-83506.5700","PR114571","PO105087","Peggy Lai","Fuji Xerox Document Management Solutions Asia Ltd"
"PAY27358CR-240788","05/24/2018 01:26:48 -0700","HKD","No","27358CR","IR27358CR-240788","HKGANZ0102","30","HKGANZ0102","RL_INTERNAL50572481","HKG","HKGANZ0102","-70695.1300","PR114775","PO105232","Peggy Lai","Fuji Xerox Document Management Solutions Asia Ltd"
"PAY27604CR-240791","05/24/2018 02:31:56 -0700","HKD","No","27604CR","IR27604CR-240791","HKGANZ0102","30","HKGANZ0102","RL_INTERNAL50572779","HKG","HKGANZ0102","-58761.4200","PR114951","PO105482","Peggy Lai","Fuji Xerox Document Management Solutions Asia Ltd"
"PAY28518CR-240793","05/24/2018 02:35:33 -0700","HKD","No","28518CR","IR28518CR-240793","HKGANZ0102","30","HKGANZ0102","RL_INTERNAL50572837","HKG","HKGANZ0102","-64751.2300","PR115435","PO105897","Helen Chu","Fuji Xerox Document Management Solutions Asia Ltd"
"PAYINV-012-00010a-240747","05/08/2018 21:02:00 -0700","SGD","No","INV-012-00010a","IRINV-012-00010a-240747","FINMECH","30","FINMECH",,"SGP","FINMECH","44923.9500","PR114616","PO105177","Sheila Grace Abalajen","Finmechanics Pte Ltd"
"PAYINV203611-240796","03/14/2018 00:18:00 -0700","AUD","No","INV203611","IRINV203611-240796","SHELDEPTY","30","SHELDEPTY",,"HKG","SHELDEPTY","1450.0000","PR115079","PO105556","Alan Chan","Shelde Pty Ltd"
"PAY28644CR-240797","05/25/2018 03:31:38 -0700","HKD","No","28644CR","IR28644CR-240797","HKGANZ0102","30","HKGANZ0102","RL_INTERNAL50575815","HKG","HKGANZ0102","-65692.8400","PR115543","PO105959","Helen Chu","Fuji Xerox Document Management Solutions Asia Ltd"
"PAY042018/FCM-ANZ-240745","05/27/2018 20:25:00 -0700","VND","No","042018/FCM-ANZ","IR042018/FCM-ANZ-240745","VNAP0629","30","VNAP0629",,"VNM","VNAP0629","235434730.0000",,,"Thi Minh Tam Nguyen","CONG TY TNHH DU LICH - THUONG MAI TAN DONG DUONG"
"PAYOM-00003397-240768","05/25/2018 20:01:00 -0700","HKD","No","OM-00003397","IROM-00003397-240768","HKGANZ2822","30","HKGANZ2822",,"HKG","HKGANZ2822","9027.0000",,,"Ginny Wong","TRANSUNION LTD"
"PAY2749887-240775","05/28/2018 21:35:00 -0700","VND","No","2749887","IR2749887-240775","VNAP0500","30","VNAP0500",,"VNM","VNAP0500","1127064.0000",,,"Hien Truong","TRUNG TAM KINH DOANH VNPT THANH PHO HO CHI MINH - CHI NHANH TONG CONG TY DICH VU VIEN THONG"
"PAYSVAU08370840170-240777","05/03/2018 21:50:00 -0700","USD","No","SVAU08370840170","IRSVAU08370840170-240777","FRAEDOM","30","FRAEDOM",,"HKG","FRAEDOM","343.7500",,,"Tsz Choi Roland Wong","FRAEDOM PTY LTD"
"PAY2018/4600003703-240746","05/27/2018 20:42:00 -0700","SGD","No","2018/4600003703","IR2018/4600003703-240746","SGP0000108","30","SGP0000108",,"SGP","SGP0000108","2140.0000","PR115623","PO105998","Stella Tan","SMRT TRAINS LTD"
"PAYFHK-04180009-240739","05/07/2018 02:46:00 -0700","HKD","No","FHK-04180009","IRFHK-04180009-240739","HKGANZ3601","60","HKGANZ3601",,"HKG","HKGANZ3601","3592.6200",,,"Jane (HR - HK) Fong","First Advantage Limited"
"PAYSVAU07390840170-240706","05/03/2018 22:11:00 -0700","USD","No","SVAU07390840170","IRSVAU07390840170-240706","FRAEDOM","30","FRAEDOM",,"SGP","FRAEDOM","1328.7500",,,"Skye Ang","FRAEDOM PTY LTD"
"PAY7800139786-240763","10/12/2017 01:33:00 -0700","SGD","No","7800139786","IR7800139786-240763","SINGTEL","30","SINGTEL",,"SGP","SINGTEL","64989.2300","PR114021","PO104653","Adelina Lim","SINGTEL"
"PAY7800139929-240764","10/23/2017 01:41:00 -0700","SGD","No","7800139929","IR7800139929-240764","SINGTEL","30","SINGTEL",,"SGP","SINGTEL","9129.7200","PR114021","PO104653","Adelina Lim","SINGTEL"
"PAYI18052400117-240781","05/23/2018 22:11:00 -0700","HKD","No","I18052400117","IRI18052400117-240781","HKGANZ1918","30","HKGANZ1918",,"HKG","HKGANZ1918","3600.0000","PR115357","PO105836","Danny Chiong Lee","JARDINE ONESOLUTION (HK) LTD"
"PAY0000587-240778","04/26/2018 21:55:00 -0700","VND","No","0000587","IR0000587-240778","VNAP0053","30","VNAP0053",,"VNM","VNAP0053","10646424.0000",,,"Yen Nguyen","Cong Ty TNHH Thuong Mai - Dich Vu De Nhat Lien Bang"
"PAY21613152 ID 0086-240679","05/10/2018 22:47:00 -0700","SGD","No","21613152 ID 0086","IR21613152 ID 0086-240679","SINGTEL","30","SINGTEL",,"SGP","SINGTEL","433612.8600",,,"Ricky Lau","SINGTEL"
"PAYD218006793-240532","05/01/2018 22:06:00 -0700","HKD","No","D218006793","IRD218006793-240532","HKGANZ1915","30","HKGANZ1915",,"HKG","HKGANZ1915","1839126.3100",,,"Barbara Ng","Jardine Lloyd Thompson Limited"
"PAY110000090819-240790","04/13/2018 23:11:00 -0700","HKD","No","110000090819","IR110000090819-240790","HKGANZ3672","30","HKGANZ3672",,"HKG","HKGANZ3672","3406.0000","PR107138-V2","PO98801","Glenn Chan","HP Financial Services (Hong Kong) Limited"
"PAYAMB201805094X-240756","05/17/2018 22:49:00 -0700","HKD","No","AMB201805094X","IRAMB201805094X-240756","HKGANZ0328","60","HKGANZ0328",,"HKG","HKGANZ0328","890.0000",,,"Barbara Ng","DIALINK LTD"
"PAY115000008610-240794","04/13/2018 20:07:00 -0700","USD","No","115000008610","IR115000008610-240794","HKGANZ3672","30","HKGANZ3672",,"HKG","HKGANZ3672","13800.0000","PR113916","PO104861","Danny Chiong Lee","HP Financial Services (Hong Kong) Limited"
"PAY115000008611-240785","04/13/2018 22:50:00 -0700","USD","No","115000008611","IR115000008611-240785","HKGANZ3672","30","HKGANZ3672",,"HKG","HKGANZ3672","10590.0000","PR114215","PO104860","Danny Chiong Lee","HP Financial Services (Hong Kong) Limited"
"PAY110000090820-240792","04/13/2018 23:15:00 -0700","HKD","No","110000090820","IR110000090820-240792","HKGANZ3672","30","HKGANZ3672",,"HKG","HKGANZ3672","11140.0000","PR108371-V2","PO99683","Danny Chiong Lee","HP Financial Services (Hong Kong) Limited"
"PAY110000090816-240786","04/13/2018 22:58:00 -0700","HKD","No","110000090816","IR110000090816-240786","HKGANZ3672","30","HKGANZ3672",,"HKG","HKGANZ3672","48928.0000","PR114213","PO104852","Danny Chiong Lee","HP Financial Services (Hong Kong) Limited"
"PAY110000090817-240787","04/13/2018 23:03:00 -0700","HKD","No","110000090817","IR110000090817-240787","HKGANZ3672","30","HKGANZ3672",,"HKG","HKGANZ3672","2140.0000","PR114213","PO104852","Danny Chiong Lee","HP Financial Services (Hong Kong) Limited"
"PAY110000090818-240789","04/13/2018 23:07:00 -0700","HKD","No","110000090818","IR110000090818-240789","HKGANZ3672","30","HKGANZ3672",,"HKG","HKGANZ3672","12650.0000","PR114213","PO104852","Danny Chiong Lee","HP Financial Services (Hong Kong) Limited"
"PAYE171027-27-240776","10/24/2017 21:42:00 -0700","HKD","No","E171027-27","IRE171027-27-240776","HKGANZ0779",,"HKGANZ0779",,"HKG","HKGANZ0779","4400.0000",,,"Barbara Ng","THE AUSTRALIAN CHAMBER OF COMMERCE IN HK"
"PAY950200691-240831","05/28/2018 00:18:00 -0700","SGD","No","950200691","IR950200691-240831","CERTISCISCO","30","CERTISCISCO",,"SGP","CERTISCISCO","2107.9000","PR115364","PO105814","Senthil (BCM Singapore) Kumar","Certis Cisco Security Pte Ltd"
"PAY1962-239974","02/22/2018 22:34:00 -0800","GBP","No","1962","IR1962-239974","HKGANZ3474","30","HKGANZ3474",,"HKG","HKGANZ3474","14280.0000",,,"Oliver Greer","mtn-i Limited"
"PAY950200692-240830","05/28/2018 00:16:00 -0700","SGD","No","950200692","IR950200692-240830","CERTISCISCO","30","CERTISCISCO",,"SGP","CERTISCISCO","5885.0000","PR115365","PO105813","Senthil (BCM Singapore) Kumar","Certis Cisco Security Pte Ltd"
"PAY43323674 ID 0057-240734","05/25/2018 01:56:00 -0700","HKD","No","43323674 ID 0057","IR43323674 ID 0057-240734","HKGANZ0729","60","HKGANZ0729",,"HKG","HKGANZ0729","264865.9300",,,"Thomas Wan","SINGAPORE TELECOM HONG KONG LTD"
"PAY8645-240561","05/08/2018 23:02:00 -0700","SGD","No","8645","IR8645-240561","VISALINK","30","VISALINK",,"SGP","VISALINK","115.0000",,,"Aik Fang Chua","Visalink Express Services"
"PAY0000427-240805","03/29/2018 19:17:00 -0700","VND","No","0000427","IR0000427-240805","VNAP0053","30","VNAP0053",,"VNM","VNAP0053","10646424.0000",,,"Yen Nguyen","Cong Ty TNHH Thuong Mai - Dich Vu De Nhat Lien Bang"
"PAY28000500-Mar-2016-240770","03/29/2015 20:35:00 -0700","HKD","No","28000500-Mar-2016","IR28000500-Mar-2016-240770","HKGANZ0097","30","HKGANZ0097",,"HKG","HKGANZ0097","22135.0000",,,"Chau Ling Tai","Iron Mountain Hong Kong Limited"
