UTF-8,,,,,,,,,,,,,,,,
PaymentId,Amount,UnitPrice,Description,TaxType,TaxCode,TaxAdjustmentAmount,IsAccrual,LineNumber,ERPOrderLineNumber,InvoiceReconciliationId,ERPOrderID,LineTypeCategory,PurchasingUnit,ParentLineNumber,ERPCommodityCode,AmountCurrency
PAY973114256-239668,213487.22,213487.22,Feb 18 Managed Service - Singapore.,,STD,,No,1,,IR973114256-239668,,1,SGP,,IT&T - Technology-IT Services,SGD
PAY973114256-239668,14944.07,14944.07,Goods and Services Tax - line level,GSTTax,STD,,No,2,,IR973114256-239668,,2,SGP,1,IT&T - Technology-IT Services,SGD
PAYANZ.18-639-240654,54600,54600,Excelian,,STD,,No,1,1,IRANZ.18-639-240654,PO105103,1,SGP,,P&PS - People and HR Services-Restructuring costs,SGD
PAYANZ.18-639-240654,3822,3822,Goods and Services Tax - line level,GSTTax,STD,,No,2,1,IRANZ.18-639-240654,PO105103,2,SGP,1,P&PS - People and HR Services-Restructuring costs,SGD
PAYANZ.18-640-240655,46000,46000,Excelian,,STD,,No,1,1,IRANZ.18-640-240655,PO105103,1,SGP,,P&PS - People and HR Services-Restructuring costs,SGD
PAYANZ.18-640-240655,3220,3220,Goods and Services Tax - line level,GSTTax,STD,,No,2,1,IRANZ.18-640-240655,PO105103,2,SGP,1,P&PS - People and HR Services-Restructuring costs,SGD
PAY0000804-240665,7985000,7985000,Payment for new biz cards (new office address) & other printed items Apr. 2018 - HN office. Cost will be allocated to each department based on actual use.,,VT1,,No,1,,IR0000804-240665,,1,VNM,,CS - Business Services-Stationery,VND
PAY0000804-240665,798500,798500,Value Added Tax - line level,VATTax,VT1,,No,2,,IR0000804-240665,,2,VNM,1,CS - Business Services-Stationery,VND
PAY2008545-240669,7656600,7656600,Payment for drinking water in Apr. 2018 - HN office.,,VT1,,No,1,,IR2008545-240669,,1,VNM,,P&PS - People and HR Services-Other Personnel cost,VND
PAY2008545-240669,765660,765660,Value Added Tax - line level,VATTax,VT1,,No,2,,IR2008545-240669,,2,VNM,1,P&PS - People and HR Services-Other Personnel cost,VND
PAY6507-240602,25,25,Event name: NZCC New Zealand Campaign,,ZER,,No,1,,IR6507-240602,,1,SGP,,CS - Travel & Entertainment-My Event,SGD
PAY6507-240602,0,0,Goods and Services Tax (auto-generated),GSTTax,ZER,,No,2,,IR6507-240602,,2,SGP,1,CS - Travel & Entertainment-My Event,SGD
PAYOM-00002119-240470,18631,18631,BAU – TU Terminal Subscriber Charges (Dec 2017),,,,No,1,,IROM-00002119-240470,,1,HKG,,P&PS - Marketing & Advertising-Sponsorship,HKD
PAYOM-00002549-240486,18631,18631,BAU – TU Terminal Subscriber Charges for Feb 2018,,,,No,1,,IROM-00002549-240486,,1,HKG,,P&PS - Marketing & Advertising-Sponsorship,HKD
PAYSSTCMBCCAPR18-240673,283632,283632,Telephone bills 04/2018 for CMB Call Center (number 54137748-49),,VT1,,No,1,,IRSSTCMBCCAPR18-240673,,1,VNM,,IT&T - Telco-Network Access and Infra,VND
PAYSSTCMBCCAPR18-240673,28363,28363,Value Added Tax - line level,VATTax,VT1,,No,2,,IRSSTCMBCCAPR18-240673,,2,VNM,1,IT&T - Telco-Network Access and Infra,VND
PAY0003838-240662,254725000,254725000,"Payment for car rental, salary and overtime of drivers, toll fee and parking fee in Apr. 2018 - HN office. Cost will be allocated to each department based on actual use.",,VT1,,No,1,,IR0003838-240662,,1,VNM,,CS - Travel & Entertainment-Fleet Vehicles,VND
PAY0003838-240662,25472500,25472500,Value Added Tax - line level,VATTax,VT1,,No,2,,IR0003838-240662,,2,VNM,1,CS - Travel & Entertainment-Fleet Vehicles,VND
PAYANZSIN/18-19/001-240179,204711,204711,This is for India TTP Invoice,,WHTGSTTZERO,,No,1,,IRANZSIN/18-19/001-240179,,1,SGP,,CS - Business Services-Business Services - Others,USD
PAYANZSIN/18-19/001-240179,0,0,Goods and Services Tax (auto-generated),GSTTax,WHTGSTTZERO,,No,2,,IRANZSIN/18-19/001-240179,,2,SGP,1,CS - Business Services-Business Services - Others,USD
PAY11376-240569,932.25,932.25,Workware Royalties-Computer Software payment for 12 months,,WHTGSTTZERO,,No,1,1,IR11376-240569,PO104591,1,SGP,,IT&T - Telco-Other TELCO cost,AUD
PAY11376-240569,0,0,Goods and Services Tax (auto-generated),GSTTax,WHTGSTTZERO,,No,2,1,IR11376-240569,PO104591,2,SGP,1,IT&T - Telco-Other TELCO cost,AUD
PAY201820010551-240674,316.98,316.98,IBS Office Space Electricity cost for Suite S562 for April 2018,,STD,,No,1,,IR201820010551-240674,,1,SGP,,Expenses-Non categorised Expenses-Rent Cost,SGD
PAY201820010551-240674,22.19,22.19,Goods and Services Tax - line level,GSTTax,STD,,No,2,,IR201820010551-240674,,2,SGP,1,Expenses-Non categorised Expenses-Rent Cost,SGD
PAY201820010468-240677,4776.21,4776.21,IBS DC Office space Rental Cost of Suite S562 for June 2018,,STD,,No,1,,IR201820010468-240677,,1,SGP,,Expenses-Non categorised Expenses-Rent Cost,SGD
PAY201820010468-240677,334.33,334.33,Goods and Services Tax - line level,GSTTax,STD,,No,2,,IR201820010468-240677,,2,SGP,1,Expenses-Non categorised Expenses-Rent Cost,SGD
PAY201820010548-240694,2875.37,2875.37,Monthly Electricity charges for IBS S220C DC Hall C for April 2018,,STD,,No,1,,IR201820010548-240694,,1,SGP,,Expenses-Non categorised Expenses-Rent Cost,SGD
PAY201820010548-240694,201.28,201.28,Goods and Services Tax - line level,GSTTax,STD,,No,2,,IR201820010548-240694,,2,SGP,1,Expenses-Non categorised Expenses-Rent Cost,SGD
PAY201820010466-240703,91703,91703,IBS DC Rental Cost of Suite S220C Hall C for June 2018,,STD,,No,1,,IR201820010466-240703,,1,SGP,,Expenses-Non categorised Expenses-Rent Cost,SGD
PAY201820010466-240703,6419.21,6419.21,Goods and Services Tax - line level,GSTTax,STD,,No,2,,IR201820010466-240703,,2,SGP,1,Expenses-Non categorised Expenses-Rent Cost,SGD
PAY201820010550-240676,31243.45,31243.45,Payment for IBS Office Space Electricity cost for Suite S520A for April 2018,,STD,,No,1,,IR201820010550-240676,,1,SGP,,Expenses-Non categorised Expenses-Rent Cost,SGD
PAY201820010550-240676,2187.04,2187.04,Goods and Services Tax - line level,GSTTax,STD,,No,2,,IR201820010550-240676,,2,SGP,1,Expenses-Non categorised Expenses-Rent Cost,SGD
PAY201820010549-240675,29348.05,29348.05,Monthly Electricity charges of IBS DC Hall 2 L4 420B for April 2018,,STD,,No,1,,IR201820010549-240675,,1,SGP,,Expenses-Non categorised Expenses-Rent Cost,SGD
PAY201820010549-240675,2054.36,2054.36,Goods and Services Tax - line level,GSTTax,STD,,No,2,,IR201820010549-240675,,2,SGP,1,Expenses-Non categorised Expenses-Rent Cost,SGD
PAY201820010465-240678,91703,91703,IBS DC Hall B Rental Cost of Suite S420 for June 2018,,STD,,No,1,,IR201820010465-240678,,1,SGP,,Expenses-Non categorised Expenses-Rent Cost,SGD
PAY201820010465-240678,6419.21,6419.21,Goods and Services Tax - line level,GSTTax,STD,,No,2,,IR201820010465-240678,,2,SGP,1,Expenses-Non categorised Expenses-Rent Cost,SGD
PAY201820010467-240704,91703,91703,IBS DC Hall A Rental Cost of Suite S520A for June 2018,,STD,,No,1,,IR201820010467-240704,,1,SGP,,Expenses-Non categorised Expenses-Rent Cost,SGD
PAY201820010467-240704,6419.21,6419.21,Goods and Services Tax - line level,GSTTax,STD,,No,2,,IR201820010467-240704,,2,SGP,1,Expenses-Non categorised Expenses-Rent Cost,SGD
PAY7200031349-240708,760.05,760.05,Starhub Hotline usage monthly charges for Hub Client Services (March 2018),,STD,,No,1,,IR7200031349-240708,,1,SGP,,CS - Business Services-Information Services,SGD
PAY7200031349-240708,53.2,53.2,Goods and Services Tax - line level,GSTTax,STD,,No,2,,IR7200031349-240708,,2,SGP,1,CS - Business Services-Information Services,SGD
PAYCHD-2018-APR-010-240262,16295.51,16295.51,2 assurance resources + Head of IB CD.,,WHTGSTTZERO,,No,1,,IRCHD-2018-APR-010-240262,,1,SGP,,P&PS - Professional Services-Professional Services,AUD
PAYCHD-2018-APR-010-240262,0,0,Goods and Services Tax (auto-generated),GSTTax,WHTGSTTZERO,,No,2,,IRCHD-2018-APR-010-240262,,2,SGP,1,P&PS - Professional Services-Professional Services,AUD
PAYSZ/18-19/031-240611,76,76,IT Enabled services rendered offshore from Bengaluru towards Payments control Testing Unit for Apr 2018,,WHTGSTTZERO,,No,1,,IRSZ/18-19/031-240611,,1,SGP,,P&PS - Professional Services-Professional Services,USD
PAYSZ/18-19/031-240611,0,0,Goods and Services Tax (auto-generated),GSTTax,WHTGSTTZERO,,No,2,,IRSZ/18-19/031-240611,,2,SGP,1,P&PS - Professional Services-Professional Services,USD
PAYSZ/18-19/032-240623,14746,14746,IT Enabled services rendered offshore from Bengaluru towards IO-Trade-Data Assr Rmdtn&Compl for Apr 2018,,WHTGSTTZERO,,No,1,,IRSZ/18-19/032-240623,,1,SGP,,P&PS - Professional Services-Professional Services,USD
PAYSZ/18-19/032-240623,0,0,Goods and Services Tax (auto-generated),GSTTax,WHTGSTTZERO,,No,2,,IRSZ/18-19/032-240623,,2,SGP,1,P&PS - Professional Services-Professional Services,USD
PAYSIV-18009209-240712,170,85,Xerox CT202264 Black,,STD,,No,1,1,IRSIV-18009209-240712,PO105511,1,SGP,,CS - Business Services-Stationery,SGD
PAYSIV-18009209-240712,11.9,11.9,Goods and Services Tax - line level,GSTTax,STD,,No,2,1,IRSIV-18009209-240712,PO105511,2,SGP,1,CS - Business Services-Stationery,SGD
PAYSIV-18009209-240712,170,85,Xerox CT202265 Cyan,,STD,,No,3,2,IRSIV-18009209-240712,PO105511,1,SGP,,CS - Business Services-Stationery,SGD
PAYSIV-18009209-240712,11.9,11.9,Goods and Services Tax - line level,GSTTax,STD,,No,4,2,IRSIV-18009209-240712,PO105511,2,SGP,3,CS - Business Services-Stationery,SGD
PAYSIV-18009209-240712,85,85,Xerox CT202266 Magenta,,STD,,No,5,3,IRSIV-18009209-240712,PO105511,1,SGP,,CS - Business Services-Stationery,SGD
PAYSIV-18009209-240712,5.95,5.95,Goods and Services Tax - line level,GSTTax,STD,,No,6,3,IRSIV-18009209-240712,PO105511,2,SGP,5,CS - Business Services-Stationery,SGD
PAYSIV-18009209-240712,85,85,Xerox CT202267 Yellow,,STD,,No,7,4,IRSIV-18009209-240712,PO105511,1,SGP,,CS - Business Services-Stationery,SGD
PAYSIV-18009209-240712,5.95,5.95,Goods and Services Tax - line level,GSTTax,STD,,No,8,4,IRSIV-18009209-240712,PO105511,2,SGP,7,CS - Business Services-Stationery,SGD
PAY0031528-240689,3571.43,7.1429,Compliments Card Stock: koehler glazed 335 Size: 8.25 x 3.5 Color: full color x 0 Process:  digital printing,,PHVAT,,No,1,1,IR0031528-240689,PO105910,1,PHB,,CS - Print-Print Management,PHP
PAY0031528-240689,428.57,428.57,Value Added Tax - line level,VATTax,PHVAT,,No,2,1,IR0031528-240689,PO105910,2,PHB,1,CS - Print-Print Management,PHP
PAY0000117-240615,13745000,13745000,Replace 31 batteries 17Ah at 10F Mpalza as Business approve,,VT1,,No,1,,IR0000117-240615,,1,VNM,,CS - Facility Management-Property WIP ( CAPEX),VND
PAY0000117-240615,1374500,1374500,Value Added Tax - line level,VATTax,VT1,,No,2,,IR0000117-240615,,2,VNM,1,CS - Facility Management-Property WIP ( CAPEX),VND
PAY0029077-240754,4464.5,8.929,Brown Envelope Short - (500),,PHVAT,,No,1,1,IR0029077-240754,PO105909,1,PHB,,CS - Print-Print Management,PHP
PAY0029077-240754,535.74,535.74,Value Added Tax - line level,VATTax,PHVAT,,No,2,1,IR0029077-240754,PO105909,2,PHB,1,CS - Print-Print Management,PHP
PAY0029077-240754,4910.5,9.821,Brown Envelope Long - (500),,PHVAT,,No,3,2,IR0029077-240754,PO105909,1,PHB,,CS - Print-Print Management,PHP
PAY0029077-240754,589.26,589.26,Value Added Tax - line level,VATTax,PHVAT,,No,4,2,IR0029077-240754,PO105909,2,PHB,3,CS - Print-Print Management,PHP
PAYANZ.18-641-240715,37200,37200,Excelian,,STD,,No,1,1,IRANZ.18-641-240715,PO105103,1,SGP,,P&PS - People and HR Services-Restructuring costs,SGD
PAYANZ.18-641-240715,2604,2604,Goods and Services Tax - line level,GSTTax,STD,,No,2,1,IRANZ.18-641-240715,PO105103,2,SGP,1,P&PS - People and HR Services-Restructuring costs,SGD
PAY296997-240721,7375,7375,RENTAL – JULY 18,,STD,,No,1,,IR296997-240721,,1,SGP,,IT&T - Technology-Infrastructure Hardware,USD
PAY296997-240721,516.25,516.25,Goods and Services Tax - line level,GSTTax,STD,,No,2,,IR296997-240721,,2,SGP,1,IT&T - Technology-Infrastructure Hardware,USD
PAY0000116-240614,4600000,4600000,Replace 04 batteries 17Ah at 10F Mpalza as Business approve,,VT1,,No,1,,IR0000116-240614,,1,VNM,,CS - Facility Management-Property WIP ( CAPEX),VND
PAY0000116-240614,460000,460000,Value Added Tax - line level,VATTax,VT1,,No,2,,IR0000116-240614,,2,VNM,1,CS - Facility Management-Property WIP ( CAPEX),VND
PAY00008637-240688,2601.74,2601.74,SHANGRI-Stripping Fee,,,,No,1,,IR00008637-240688,,1,HKG,,P&PS - Marketing & Advertising-Internal Comms,USD
PAY20180424-240762,526166,526166,The Peninsula Tokyo seminar & banquet charges:,,,,No,1,,IR20180424-240762,,1,HKG,,P&PS - Marketing & Advertising-Sponsorship,JPY
PAY2152156-240711,19630250,19630250,"Data Fee in MAR, 2018(Main+Backup): Connection from Crescent to State Bank (CITAD Main and backup line), Kumho to State Bank HCM, Crescent to VCB, Crescent to Viettin Bank, Kumho to VCB as per contract HĐ 2227+5356+3628+2704+3529+600",,VT1,,No,1,,IR2152156-240711,,1,VNM,,IT&T - Telco-Network Access and Infra,VND
PAY2152156-240711,1963025,1963025,Value Added Tax - line level,VATTax,VT1,,No,2,,IR2152156-240711,,2,VNM,1,IT&T - Telco-Network Access and Infra,VND
PAY00008636-240686,1123.03,1123.03,SHANGRI-SHANGRI-LA MANILA,,,,No,1,,IR00008636-240686,,1,HKG,,P&PS - Marketing & Advertising-Internal Comms,USD
PAYCHD-2018-APR-012-240282,8864.01,8864.01,SG AML,,WHTGSTTZERO,,No,1,,IRCHD-2018-APR-012-240282,,1,SGP,,P&PS - Professional Services-Professional Services,AUD
PAYCHD-2018-APR-012-240282,0,0,Goods and Services Tax (auto-generated),GSTTax,WHTGSTTZERO,,No,2,,IRCHD-2018-APR-012-240282,,2,SGP,1,P&PS - Professional Services-Professional Services,AUD
PAYCHD-2018-APR-009-240281,14300.61,14300.61,SG Static Data,,WHTGSTTZERO,,No,1,,IRCHD-2018-APR-009-240281,,1,SGP,,P&PS - Professional Services-Professional Services,AUD
PAYCHD-2018-APR-009-240281,0,0,Goods and Services Tax (auto-generated),GSTTax,WHTGSTTZERO,,No,2,,IRCHD-2018-APR-009-240281,,2,SGP,1,P&PS - Professional Services-Professional Services,AUD
PAY0000126-240617,39000000,39000000,Cong Ty Co Phan San Xuat & Thuong Mai Dien Binh Son,,VT1,,No,1,,IR0000126-240617,,1,VNM,,CS - Facility Management-Property WIP ( CAPEX),VND
PAY0000126-240617,3900000,3900000,Value Added Tax - line level,VATTax,VT1,,No,2,,IR0000126-240617,,2,VNM,1,CS - Facility Management-Property WIP ( CAPEX),VND
PAY0000125-240616,56060000,56060000,"Replace 128 pcs Batteries, include installation fee, transportation fee for UPS30kva in Gelex as Business approve",,VT1,,No,1,,IR0000125-240616,,1,VNM,,CS - Facility Management-Property WIP ( CAPEX),VND
PAY0000125-240616,5606000,5606000,Value Added Tax - line level,VATTax,VT1,,No,2,,IR0000125-240616,,2,VNM,1,CS - Facility Management-Property WIP ( CAPEX),VND
PAY383152-240212,494.33,494.33,VideoScribe Business - 12 Month Subscription - Sparkol VideoScribe 2.3   10 Collyer Quay#20-00 Ocean Financial Centre,,STD,,No,1,1,IR383152-240212,PO105657,1,SGP,,IT&T - Technology-Business Software,SGD
PAY383152-240212,34.6,34.6,0% Zero Rate,GSTTax,STD,,No,2,1,IR383152-240212,PO105657,2,SGP,1,IT&T - Technology-Business Software,SGD
PAYSG00000503-240701,25360.44,25360.44,Placement Fee,,STD,,No,1,,IRSG00000503-240701,,1,SGP,,P&PS - People and HR Services-Recruitment,SGD
PAYSG00000503-240701,1775.23,1775.23,Goods and Services Tax - line level,GSTTax,STD,,No,2,,IRSG00000503-240701,,2,SGP,1,P&PS - People and HR Services-Recruitment,SGD
PAY4104077649-240468,274.2,274.2,QUESTNET TRANSACTION MAR 18,,STD,,No,1,,IR4104077649-240468,,1,SGP,,CS - Business Services-Information Services,SGD
PAY4104077649-240468,19.19,19.19,Goods and Services Tax - line level,GSTTax,STD,,No,2,,IR4104077649-240468,,2,SGP,1,CS - Business Services-Information Services,SGD
PAY4104078833-240466,148.3,148.3,QUESTNET TRANSACTION APR 18,,STD,,No,1,,IR4104078833-240466,,1,SGP,,CS - Business Services-Information Services,SGD
PAY4104078833-240466,10.38,10.38,Goods and Services Tax - line level,GSTTax,STD,,No,2,,IR4104078833-240466,,2,SGP,1,CS - Business Services-Information Services,SGD
PAY8647-240705,95,95,4 working days processing of single entry visa South Korea.,,ZER,,No,1,,IR8647-240705,,1,SGP,,CS - Travel & Entertainment-Airline & Travel Manag,SGD
PAY8647-240705,0,0,Goods and Services Tax (auto-generated),GSTTax,ZER,,No,2,,IR8647-240705,,2,SGP,1,CS - Travel & Entertainment-Airline & Travel Manag,SGD
PAY7800140342-240765,2844.15,2844.15,Managed Services_Singapore Field Services (contract CW2193709),,STD,,No,1,1,IR7800140342-240765,PO104653,1,SGP,,IT&T - Technology-IT Services,SGD
PAY7800140342-240765,199.09,199.09,Goods and Services Tax - line level,GSTTax,STD,,No,2,1,IR7800140342-240765,PO104653,2,SGP,1,IT&T - Technology-IT Services,SGD
PAYPOS-1805-13548-240707,75.05,75.05,[FHQ28] Table Arrangement -Festive,,STD,,No,1,,IRPOS-1805-13548-240707,,1,SGP,,CS - Print-Print Management,SGD
PAYPOS-1805-13548-240707,5.25,5.25,Goods and Services Tax - line level,GSTTax,STD,,No,2,,IRPOS-1805-13548-240707,,2,SGP,1,CS - Print-Print Management,SGD
PAYINV-DO-2018042-240702,1980,1980,"Event Details: Corporate photoshoot Friday, 11 May 2018",,ZER,,No,1,,IRINV-DO-2018042-240702,,1,SGP,,CS - Print-Print Management,SGD
PAYINV-DO-2018042-240702,0,0,Goods and Services Tax (auto-generated),GSTTax,ZER,,No,2,,IRINV-DO-2018042-240702,,2,SGP,1,CS - Print-Print Management,SGD
PAY5300038654-240726,52879864,52879864,Payment for overseas mailing expenses Apr. 2018 – HCMC . Cost will be allocated for each department based on actual use.,,ZER,,No,1,,IR5300038654-240726,,1,VNM,,CS - Postage-Postage,VND
PAY5300038654-240726,0,0,Value Added Tax (auto-generated),VATTax,ZER,,No,2,,IR5300038654-240726,,2,VNM,1,CS - Postage-Postage,VND
PAY01-2018/ANZ-240730,55000000,55000000,Payment for shuttle bus services of HCMC Mar & Apr. 2018,,VT1,,No,1,,IR01-2018/ANZ-240730,,1,VNM,,CS - Travel & Entertainment-Fleet Vehicles,VND
PAY01-2018/ANZ-240730,5500000,5500000,Value Added Tax - line level,VATTax,VT1,,No,2,,IR01-2018/ANZ-240730,,2,VNM,1,CS - Travel & Entertainment-Fleet Vehicles,VND
PAY1300662809-240723,12865648,12865648,Payment for mailing expenses to overseas in Apr. 2018 – HCMC . Cost will be allocated for each department based on actual use.,,ZER,,No,1,,IR1300662809-240723,,1,VNM,,CS - Postage-Postage,VND
PAY1300662809-240723,0,0,Value Added Tax (auto-generated),VATTax,ZER,,No,2,,IR1300662809-240723,,2,VNM,1,CS - Postage-Postage,VND
PAYDP-0518-436-240719,3447.36,3447.36,"INSTO Advices:Term Dep & Fx Deals Adv, MIDANZ Advices,   Current A/C Daily, Current A/c Monthly April 2018",,STD,,No,1,,IRDP-0518-436-240719,,1,SGP,,IT&T - Technology-IT Services,SGD
PAYDP-0518-436-240719,241.31,241.31,Goods and Services Tax - line level,GSTTax,STD,,No,2,,IRDP-0518-436-240719,,2,SGP,1,IT&T - Technology-IT Services,SGD
PAYDP-0518-436-240719,711.7,711.7,"INSTO Advices:Term Dep & Fx Deals Adv, MIDANZ Advices,   Current A/C Daily, Current A/c Monthly April 2018",,ZER,,No,3,,IRDP-0518-436-240719,,1,SGP,,IT&T - Technology-IT Services,SGD
PAYDP-0518-436-240719,0,0,Goods and Services Tax (auto-generated),GSTTax,ZER,,No,4,,IRDP-0518-436-240719,,2,SGP,3,IT&T - Technology-IT Services,SGD
PAY0000344-240716,150000,150000,Payment for title stamp for Ms. Lan (Chief Accountant) in HN,,VT1,,No,1,,IR0000344-240716,,1,VNM,,CS - Business Services-Stationery,VND
PAY0000344-240716,15000,15000,Value Added Tax - line level,VATTax,VT1,,No,2,,IR0000344-240716,,2,VNM,1,CS - Business Services-Stationery,VND
PAYDP-0518-433-240720,1169.4,1169.4,ANZ Singapore Advices - April 2018,,STD,,No,1,,IRDP-0518-433-240720,,1,SGP,,IT&T - Technology-IT Services,SGD
PAYDP-0518-433-240720,81.86,81.86,Goods and Services Tax - line level,GSTTax,STD,,No,2,,IRDP-0518-433-240720,,2,SGP,1,IT&T - Technology-IT Services,SGD
PAYDP-0518-433-240720,11.3,11.3,ANZ Singapore Advices - April 2018,,ZER,,No,3,,IRDP-0518-433-240720,,1,SGP,,IT&T - Technology-IT Services,SGD
PAYDP-0518-433-240720,0,0,Goods and Services Tax (auto-generated),GSTTax,ZER,,No,4,,IRDP-0518-433-240720,,2,SGP,3,IT&T - Technology-IT Services,SGD
PAYDP-0518-435-240718,2619.2,2619.2,ANZ : SG CLIENT DAILY ADVICES - April 2018,,STD,,No,1,,IRDP-0518-435-240718,,1,SGP,,IT&T - Technology-IT Services,SGD
PAYDP-0518-435-240718,183.34,183.34,Goods and Services Tax - line level,GSTTax,STD,,No,2,,IRDP-0518-435-240718,,2,SGP,1,IT&T - Technology-IT Services,SGD
PAYDP-0518-435-240718,724.3,724.3,ANZ : SG CLIENT DAILY ADVICES - April 2018,,ZER,,No,3,,IRDP-0518-435-240718,,1,SGP,,IT&T - Technology-IT Services,SGD
PAYDP-0518-435-240718,0,0,Goods and Services Tax (auto-generated),GSTTax,ZER,,No,4,,IRDP-0518-435-240718,,2,SGP,3,IT&T - Technology-IT Services,SGD
PAYINV/DH/118009229-240593,637.66,637.66,PASSION DELIGHT - B,,STD,,No,1,,IRINV/DH/118009229-240593,,1,SGP,,CS - Travel & Entertainment-My Event,SGD
PAYINV/DH/118009229-240593,44.64,44.64,Goods and Services Tax - line level,GSTTax,STD,,No,2,,IRINV/DH/118009229-240593,,2,SGP,1,CS - Travel & Entertainment-My Event,SGD
PAYSCR 2017-445-240523,37760,37760,"HK Project Lantern DRH0, 1 and 2 statement generation",,,,No,1,1,IRSCR 2017-445-240523,PO104946,1,HKG,,IT&T - Technology-EUC Hardware,HKD
PAYSCR 2017-604-240522,20936,20936,Additional statement generation for Exit Customer after LD1,,,,No,1,1,IRSCR 2017-604-240522,PO104945,1,HKG,,IT&T - Technology-EUC Hardware,HKD
PAY0000416-240612,272402727,272402727,"Fit Out 299 CauGiay, BCP-Hanoi-3DInteriors 20180319,  payment 95% with an amount VND284,660,850, include VAT as per contract term,  5% payment with an amount VND14,982,150, include VAT will process after 1 year warranty",,VT1,,No,1,,IR0000416-240612,,1,VNM,,CS - Facility Management-Property WIP ( CAPEX),VND
PAY0000416-240612,27240273,27240273,Value Added Tax - line level,VATTax,VT1,,No,2,,IR0000416-240612,,2,VNM,1,CS - Facility Management-Property WIP ( CAPEX),VND
PAY27125 CR-240784,-29069.9,29069.9,Statement & Advice - Postage charge (Oct 2017),,,,No,1,1,IR27125 CR-240784,PO105087,1,HKG,,CS - Business Services-Stationery,HKD
PAY27125 CR-240784,-19740,19740,Statement & Advice – stationery supply (Oct 2017),,,,No,2,2,IR27125 CR-240784,PO105087,1,HKG,,CS - Business Services-Stationery,HKD
PAY27125 CR-240784,-34696.67,34696.67,"Statement & Advice - Printing, mail processing charge (Oct 2017)",,,,No,3,3,IR27125 CR-240784,PO105087,1,HKG,,CS - Business Services-Stationery,HKD
PAY27358CR-240788,-29775.8,29775.8,Statement & Advice - Postage charge (Nov 2017),,,,No,1,1,IR27358CR-240788,PO105232,1,HKG,,CS - Business Services-Stationery,HKD
PAY27358CR-240788,-40919.33,40919.33,"Statement & Advice - Printing, mail processing charge (Nov 2017)",,,,No,2,2,IR27358CR-240788,PO105232,1,HKG,,CS - Business Services-Stationery,HKD
PAY27604CR-240791,-25681.5,25681.5,Statement & Advice - Postage charge (Dec2017) (Inv# 27604),,,,No,1,1,IR27604CR-240791,PO105482,1,HKG,,CS - Business Services-Stationery,HKD
PAY27604CR-240791,-33079.92,33079.92,"Statement & Advice - Printing, mail processing charge (Dec 2017) (Inv# 27614)",,,,No,2,2,IR27604CR-240791,PO105482,1,HKG,,CS - Business Services-Stationery,HKD
PAY28518CR-240793,-31629.9,31629.9,Statement & Advice - Postage charge (Mar 2017),,,,No,1,1,IR28518CR-240793,PO105897,1,HKG,,CS - Business Services-Stationery,HKD
PAY28518CR-240793,-33121.33,33121.33,"Statement & Advice - Printing, mail processing charge (Feb 2017)",,,,No,2,2,IR28518CR-240793,PO105897,1,HKG,,CS - Business Services-Stationery,HKD
PAYINV-012-00010a-240747,41985,41985,Billing for April,,STD,,No,1,1,IRINV-012-00010a-240747,PO105177,1,SGP,,P&PS - People and HR Services-Restructuring costs,SGD
PAYINV-012-00010a-240747,2938.95,2938.95,Goods and Services Tax - line level,GSTTax,STD,,No,2,1,IRINV-012-00010a-240747,PO105177,2,SGP,1,P&PS - People and HR Services-Restructuring costs,SGD
PAYINV203611-240796,1450,1450,ArcSight Engagement for HK,,,,No,1,1,IRINV203611-240796,PO105556,1,HKG,,P&PS - Professional Services-Consulting - General,AUD
PAY28644CR-240797,-31958.1,31958.1,Statement & Advice - Postage charge (Apr 2017),,,,No,1,1,IR28644CR-240797,PO105959,1,HKG,,CS - Business Services-Stationery,HKD
PAY28644CR-240797,-33734.74,33734.74,"Statement & Advice - Printing, mail processing charge (Apr2017)",,,,No,2,2,IR28644CR-240797,PO105959,1,HKG,,CS - Business Services-Stationery,HKD
PAY042018/FCM-ANZ-240745,235434730,235434730,Payment for airtickets of expats and staff Apr. 2018 - HN and HCMC. Cost will be allocated to BU based on Travel Request of staff with full approval.,,ZER,,No,1,,IR042018/FCM-ANZ-240745,,1,VNM,,P&PS - Marketing & Advertising-PR Products,VND
PAY042018/FCM-ANZ-240745,0,0,Value Added Tax (auto-generated),VATTax,ZER,,No,2,,IR042018/FCM-ANZ-240745,,2,VNM,1,P&PS - Marketing & Advertising-PR Products,VND
PAYOM-00003397-240768,9027,9027,BAU – TU Terminal Subscriber Charges for Jun 2018,,,,No,1,,IROM-00003397-240768,,1,HKG,,P&PS - Marketing & Advertising-Sponsorship,HKD
PAY2749887-240775,1024604,1024604,Telephone expense 39113330 for APR 18,,VT1,,No,1,,IR2749887-240775,,1,VNM,,IT&T - Telco-Network Access and Infra,VND
PAY2749887-240775,102460,102460,Value Added Tax - line level,VATTax,VT1,,No,2,,IR2749887-240775,,2,VNM,1,IT&T - Telco-Network Access and Infra,VND
PAYSVAU08370840170-240777,343.75,343.75,Card Usage,,,,No,1,,IRSVAU08370840170-240777,,1,HKG,,P&PS - People and HR Services-Recruitment,USD
PAY2018/4600003703-240746,2000,2000,ATM rental for the contract term from Jun'18 to Sep'18,,STD,,No,1,1,IR2018/4600003703-240746,PO105998,1,SGP,,Expenses-Non categorised Expenses-Rent Cost,SGD
PAY2018/4600003703-240746,140,140,Goods and Services Tax - line level,GSTTax,STD,,No,2,1,IR2018/4600003703-240746,PO105998,2,SGP,1,Expenses-Non categorised Expenses-Rent Cost,SGD
PAYFHK-04180009-240739,3592.62,3592.62,Pre-employment checks for new hire,,,,No,1,,IRFHK-04180009-240739,,1,HKG,,P&PS - People and HR Services-Recruitment,HKD
PAYSVAU07390840170-240706,1328.75,1328.75,Fraedom Usage fee for Apr 2018 charged out based on usage to 121 Cost Centres,,WHTGSTTZERO,,No,1,,IRSVAU07390840170-240706,,1,SGP,,IT&T - Technology-IT Services,USD
PAYSVAU07390840170-240706,0,0,Goods and Services Tax (auto-generated),GSTTax,WHTGSTTZERO,,No,2,,IRSVAU07390840170-240706,,2,SGP,1,IT&T - Technology-IT Services,USD
PAY7800139786-240763,60737.6,60737.6,Managed Services_Singapore Field Services (contract CW2193709),,STD,,No,1,1,IR7800139786-240763,PO104653,1,SGP,,IT&T - Technology-IT Services,SGD
PAY7800139786-240763,4251.63,4251.63,Goods and Services Tax - line level,GSTTax,STD,,No,2,1,IR7800139786-240763,PO104653,2,SGP,1,IT&T - Technology-IT Services,SGD
PAY7800139929-240764,8532.45,8532.45,Managed Services_Singapore Field Services (contract CW2193709),,STD,,No,1,1,IR7800139929-240764,PO104653,1,SGP,,IT&T - Technology-IT Services,SGD
PAY7800139929-240764,597.27,597.27,Goods and Services Tax - line level,GSTTax,STD,,No,2,1,IR7800139929-240764,PO104653,2,SGP,1,IT&T - Technology-IT Services,SGD
PAYI18052400117-240781,3600,3600,I18052400117 - (PC + B),,,,No,1,1,IRI18052400117-240781,PO105836,1,HKG,,IT&T - Technology-Business Software,HKD
PAY0000587-240778,9678567,9678567,CONG TY THUONG MAI - DICH VU DE NHAT LIEN BANG - INVOICE APR 2018.,,VT1,,No,1,,IR0000587-240778,,1,VNM,,P&PS - People and HR Services-Non IT Contractors,VND
PAY0000587-240778,967857,967857,Value Added Tax - line level,VATTax,VT1,,No,2,,IR0000587-240778,,2,VNM,1,P&PS - People and HR Services-Non IT Contractors,VND
PAY21613152 ID 0086-240679,405242.56,405242.56,SingTel KCS DC Halls rental for May and Utilities charges for March 18,,STD,,No,1,,IR21613152 ID 0086-240679,,1,SGP,,Expenses-Non categorised Expenses-Rent Cost,SGD
PAY21613152 ID 0086-240679,28366.98,28366.98,Goods and Services Tax - line level,GSTTax,STD,,No,2,,IR21613152 ID 0086-240679,,2,SGP,1,Expenses-Non categorised Expenses-Rent Cost,SGD
PAY21613152 ID 0086-240679,3.32,3.32,SingTel KCS DC Halls rental for May and Utilities charges for March 18,,ZER,,No,3,,IR21613152 ID 0086-240679,,1,SGP,,Expenses-Non categorised Expenses-Rent Cost,SGD
PAY21613152 ID 0086-240679,0,0,Goods and Services Tax (auto-generated),GSTTax,ZER,,No,4,,IR21613152 ID 0086-240679,,2,SGP,3,Expenses-Non categorised Expenses-Rent Cost,SGD
PAYD218006793-240532,1764521.55,1764521.55,Annual Premium of Group Life Insurance of ANZ for the policy period from 1 Apr 2018 to 31 Mar 2019 (Policy No. 81804).,,,,No,1,,IRD218006793-240532,,1,HKG,,P&PS - People and HR Services-Other Personnel cost,HKD
PAYD218006793-240532,62650.52,62650.52,Annual Premium of Group Life Insurance of ANZ for the policy period from 1 Apr 2018 to 31 Mar 2019 (Policy No. 81804).,,,,No,2,,IRD218006793-240532,,1,HKG,,P&PS - Marketing & Advertising-Media,HKD
PAYD218006793-240532,11954.24,11954.24,Annual Premium of Group Life Insurance of ANZ for the policy period from 1 Apr 2018 to 31 Mar 2019 (Policy No. 81804).,,,,No,3,,IRD218006793-240532,,1,HKG,,P&PS - Marketing & Advertising-Media,HKD
PAY110000090819-240790,3406,3406,Monthly Lease Rental for Schedule 5244810893HKG6,,,,No,1,1,IR110000090819-240790,PO98801,1,HKG,,IT&T - Technology-Business Software,HKD
PAYAMB201805094X-240756,890,890,Cost of flower arrangement for celebrating the birth of Kunal Dey’s new born baby girl.,,,,No,1,,IRAMB201805094X-240756,,1,HKG,,P&PS - People and HR Services-Other Personnel cost,HKD
PAY115000008610-240794,13800,13800,Monthly Lease Rental for Schedule 5244810893HKG1 from 1st Oct 2017 to 30th Jul 2018,,,,No,1,1,IR115000008610-240794,PO104861,1,HKG,,IT&T - Technology-Business Software,USD
PAY115000008611-240785,10590,10590,"Blanket PO for Storage Lease Schedule 5244810893HKG2, from 1st Oct 2017 to 30th Jul 2018",,,,No,1,1,IR115000008611-240785,PO104860,1,HKG,,IT&T - Technology-Business Software,USD
PAY110000090820-240792,11140,11140,Network Upgrade for backup platform,,,,No,1,1,IR110000090820-240792,PO99683,1,HKG,,IT&T - Technology-Business Software,HKD
PAY110000090816-240786,48928,48928,Monthly Lease Rental for Schedule 5244810893HKG3 from 1st Oct 2017 to 31st Jul 2018,,,,No,1,1,IR110000090816-240786,PO104852,1,HKG,,IT&T - Technology-Business Software,HKD
PAY110000090817-240787,2140,2140,Monthly Lease Rental for Schedule 5244810893HKG4 from 1st Oct 2017 to 31st Jul 2018,,,,No,1,2,IR110000090817-240787,PO104852,1,HKG,,IT&T - Technology-Business Software,HKD
PAY110000090818-240789,12650,12650,Monthly Lease Rental for Schedule 5244810893HKG5 from 1st Oct 2017 to 30th Sep 2018,,,,No,1,3,IR110000090818-240789,PO104852,1,HKG,,IT&T - Technology-Business Software,HKD
PAYE171027-27-240776,4400,4400,Cost of extra two guests for the AustCham 30th Anniversary Gala Dinner on 27 Oct 2017,,,,No,1,,IRE171027-27-240776,,1,HKG,,P&PS - People and HR Services-Other Personnel cost,HKD
PAY950200691-240831,1970,1970,"Installation, Testing and Commissioning of Backup Power Supply at Level 21",,STD,,No,1,1,IR950200691-240831,PO105814,1,SGP,,CS - Facility Management-Facility Management - Oth,SGD
PAY950200691-240831,137.9,137.9,Goods and Services Tax - line level,GSTTax,STD,,No,2,1,IR950200691-240831,PO105814,2,SGP,1,CS - Facility Management-Facility Management - Oth,SGD
PAY1962-239974,14280,14280,Invoice 1 of 2 under subscription agreement 1883 Year 1 of 2 – Dealer subscription to mtn-i and mtn-intelligence 3 users + 2 free of charge until 31/09/2018,,,,No,1,,IR1962-239974,,1,HKG,,CS - Business Services-Information Services,GBP
PAY950200692-240830,5500,5500,"Rewiring of Controllers at 5 Levels (OFC 20, 21, 22, 30 and MBC 10) and installation of controllers at OFC Level 22 and MBC 10)",,STD,,No,1,2,IR950200692-240830,PO105813,1,SGP,,CS - Facility Management-Facility Management - Oth,SGD
PAY950200692-240830,385,385,Goods and Services Tax - line level,GSTTax,STD,,No,2,2,IR950200692-240830,PO105813,2,SGP,1,CS - Facility Management-Facility Management - Oth,SGD
PAY43323674 ID 0057-240734,264865.93,264865.93,Ac3674-Inv 057-2018-05 MaintCost Ac3674-Inv 057-2018-05 SvcMgtCost,,,,No,1,,IR43323674 ID 0057-240734,,1,HKG,,IT&T - Telco-Other TELCO cost,HKD
PAY8645-240561,115,115,Normal 3 working days processing of single entry visa to Indonesia,,ZER,,No,1,,IR8645-240561,,1,SGP,,CS - Travel & Entertainment-Airline & Travel Manag,SGD
PAY8645-240561,0,0,Goods and Services Tax (auto-generated),GSTTax,ZER,,No,2,,IR8645-240561,,2,SGP,1,CS - Travel & Entertainment-Airline & Travel Manag,SGD
PAY0000427-240805,9678567,9678567,CONG TY THUONG MAI - DICH VU DE NHAT LIEN BANG - INVOICE MAR 2018 - URGENT REQUEST,,VT1,,No,1,,IR0000427-240805,,1,VNM,,P&PS - People and HR Services-Non IT Contractors,VND
PAY0000427-240805,967857,967857,Value Added Tax - line level,VATTax,VT1,,No,2,,IR0000427-240805,,2,VNM,1,P&PS - People and HR Services-Non IT Contractors,VND
PAY28000500-Mar-2016-240770,22135,22135,Charge of collection for confidential recycle paper  (Mar 2016) (AC: DS346715/L14-ES)  Invoice No.: 28000500-Mar-2016,,,,No,1,,IR28000500-Mar-2016-240770,,1,HKG,,CS - Facility Management-Facility Management - Oth,HKD
