"UTF-8"
PMNT_ID,ECQUEUEINSTANCE,BUSINESS_UNIT,VOUCHER_LINE_NUM,PARENT_LINE_NUM,LINE_TYPE_LOOKUP_CODE,TAX_CODE,TAX_TYPE,TAX_ACCRUAL,DESCR,MERCHANDISE_AMT,UNIT_PRICE,CURRENCY_CD,RECEIVING_TYPE,PO_ID,SHIPTO,UNIT_OF_MEASURE,LINE_NBR,BUSINESS_UNIT_PO,CommodityCode_UniqueName,Quantity

"PAY13-1095619","IR13-1095619","00100","1",,"1","81",,"No","LINFOX ARMAGUARD-ANZ NQRS PAYM","2500.2500","40907.8100","AUD",,"1235689123568912356891235689123568912356891235689A","3008010A","EA","1",,"GLOBL:Generic","1.0000"
"PAY13-1095619","IR13-1095619","00100","2","1","2","81","GSTTax","No","Goods and Services Tax - line ","2500.2500","4090.7800","AUD",,"1235689123568912356891235689123568912356891235689B","3008010A","EA","1",,"GLOBL:Generic","1.0000"
