UTF-8,,,,,,,,,,,,,,,,,,,,,,,,,,,,,,,,,,
PMNT_ID,ECQUEUEINSTANCE,BUSINESS_UNIT,VOUCHER_LINE_NUM,PARENT_LINE_NUM,LINE_TYPE_LOOKUP_CODE,TAX_CODE,TAX_TYPE,TAX_ACCRUAL,DESCR,MERCHANDISE_AMT,UNIT_PRICE,CURRENCY_CD,RECEIVING_TYPE,PO_ID,SHIPTO,UNIT_OF_MEASURE,LINE_NBR,BUSINESS_UNIT_PO,CommodityCode_UniqueName,Quantity,PriceBasisQuantity,PriceBasisQuantityUOM,ConversionFactor,PriceBasisQuantityDesc,IsComposite,REFERENCED_INVOICE_LINE_NUM,cus_DESCR,Order_UniqueName,MasterAgreement_UniqueName,cus_SystemCommodityCode_UniqueName,cus_SystemCommodityCode_Domain,cus_SystemCommodityCodeDesc,cus_Contractlineitemnum,cus_OrderID
PAYTEST1-83730,IRTEST1-83730,100,1,,1,,,No,Insolvency Disbursements - Wit,20,20,AUD,,,PID1003236,EA,,,GLOBL:Generic,1,,,,,No,0,Insolvency Disbursements - Without GST,,,80101599,unspsc,Insolvency and Restructuring Services,,
PAYTEST2-83731,IRTEST2-83731,100,1,,1,81,,No,IT&T - ITIL-Related Services C,10,10,AUD,,,PID1003236,EA,,,GLOBL:Generic,1,,,,,No,0,IT&T - ITIL-Related Services Consultants,,,80101514,unspsc,IT&T - ITIL-Related Services Consultants,,
PAYTEST2-83731,IRTEST2-83731,100,2,1,2,81,GSTTax,No,Goods and Services Tax (auto-g,0,0,AUD,,,PID1003236,,,,GLOBL:Generic,1,,,,,No,0,Goods and Services Tax (auto-generated),,,80101514,unspsc,IT&T - ITIL-Related Services Consultants,,
